<?xml version = '1.0' encoding = 'UTF-8'?>
<page xmlns:jrad="http://xmlns.oracle.com/jrad" xmlns:oa="http://xmlns.oracle.com/oa" xmlns:ui="http://xmlns.oracle.com/uix/ui" version="10.1.3_1312" xml:lang="en-US" xmlns:user="http://xmlns.oracle.com/jrad/user" xmlns="http://xmlns.oracle.com/jrad" file-version="$Header$">
   <content>
      <oa:pageLayout id="PageLayoutRN" scope="/" amDefName="xxgam.oracle.apps.xbol.tm.InvoiceAs.server.InvoiceAsAM" windowTitle="Asociación de facturas" title="Asociación de facturas" controllerClass="xxgam.oracle.apps.xbol.tm.InvoiceAs.webui.InvoiceAsCO">
         <ui:corporateBranding>
            <oa:image id="corporateBrandingImage" source="/OA_MEDIA/FNDSSCORP.gif"/>
         </ui:corporateBranding>
         <ui:contents>
            <oa:messageComponentLayout id="SearchRN">
               <ui:contents>
                  <oa:messageLovInput id="ProviderN" prompt="Número de proveedor" externalListOfValues="/xxgam/oracle/apps/xbol/tm/lov/webui/PrividersRN">
                     <lovMappings>
                        <lovMap id="ProviderN1MAP" lovItem="Code" resultTo="ProviderN" criteriaFrom="ProviderN"/>
                        <lovMap id="Provider1MAP" lovItem="Description" resultTo="Provider" criteriaFrom="Provider"/>
                     </lovMappings>
                  </oa:messageLovInput>
                  <oa:messageLovInput id="Provider" externalListOfValues="/xxgam/oracle/apps/xbol/tm/lov/webui/PrividersRN" prompt="Proveedor">
                     <lovMappings>
                        <lovMap id="ProviderN2MAP" lovItem="Code" resultTo="ProviderN" criteriaFrom="ProviderN"/>
                        <lovMap id="Provider2MAP" lovItem="Description" resultTo="Provider" criteriaFrom="Provider"/>
                     </lovMappings>
                  </oa:messageLovInput>
                  <oa:messageChoice id="currency" pickListValAttr="Currency" prompt="Moneda" queryable="true" pickListViewDef="xxgam.oracle.apps.xbol.tm.poplist.server.CurrencyVO" pickListViewName="Currency" pickListDispAttr="Currency"/>
               </ui:contents>
            </oa:messageComponentLayout>
            <oa:spacer id="item1" height="5"/>
            <oa:defaultSingleColumn id="region3" headerDisabled="true">
               <ui:contents>
                  <oa:messageTextInput id="Invoice" prompt="Factura"/>
               </ui:contents>
            </oa:defaultSingleColumn>
            <oa:spacer id="spacerIT" height="5"/>
            <oa:advancedTable id="detailVO1" text="" width="100%" viewName="PrincipalAsVO1" amDefName="xxgam.oracle.apps.xbol.tm.InvoiceAs.server.InvoiceAsAM" detailViewAttr="DetailFlag" childViewAttrName="IdFreightChar" viewLinkName="MasterDetailVL1">
               <ui:tableSelection>
                  <oa:multipleSelection id="multipleSelection1" viewName="DetailVO1" viewAttr="CheckBox" dataType="VARCHAR2"/>
               </ui:tableSelection>
               <ui:contents>
                  <oa:column id="column1">
                     <ui:columnHeader/>
                     <ui:contents>
                        <oa:messageTextInput id="item3" viewAttr="IdFreightChar" prompt="id fright"/>
                     </ui:contents>
                  </oa:column>
               </ui:contents>
               <ui:detail>
                  <oa:header id="region4">
                     <ui:contents>
                        <oa:advancedTable id="region5" viewName="DetailVO2" viewLinkName="MasterDetailVL1" width="100%">
                           <ui:contents>
                              <oa:column id="column2">
                                 <ui:columnHeader/>
                                 <ui:contents>
                                    <oa:messageTextInput id="item4" viewAttr="IdExtraCost" prompt="extra cost"/>
                                 </ui:contents>
                              </oa:column>
                           </ui:contents>
                        </oa:advancedTable>
                     </ui:contents>
                  </oa:header>
               </ui:detail>
            </oa:advancedTable>
            <oa:spacer id="item2" height="10"/>
            <oa:pageButtonBar id="region2">
               <ui:contents>
                  <oa:submitButton id="Go" text="Buscar" prompt="Buscar"/>
                  <oa:submitButton id="Conciliar" text="Conciliar" prompt="Conciliar"/>
               </ui:contents>
            </oa:pageButtonBar>
         </ui:contents>
      </oa:pageLayout>
   </content>
</page>
