<?xml version='1.0' encoding='windows-1252' ?>
<!DOCTYPE Entity SYSTEM "jbo_03_01.dtd">

<Entity
   Name="KilometersEO"
   DBObjectType="table"
   DBObjectName="XXGAM_TM_KILOMETERS"
   AliasName="KilometersEO"
   BindingStyle="JDBC"
   UseGlueCode="false"
   RowClass="xxgam.oracle.apps.xbol.tm.catalogue.schema.server.KilometersEOImpl"
   DefClass="oracle.apps.fnd.framework.server.OAEntityDefImpl"
   CollClass="oracle.apps.fnd.framework.server.OAEntityCache" >
   <DesignTime>
      <Attr Name="_isCodegen" Value="true" />
      <Attr Name="_version" Value="10.1.3.41.57" />
      <AttrArray Name="_publishEvents">
      </AttrArray>
      <Attr Name="_panelSchema" Value="none" />
      <Attr Name="_codeGenFlag2" Value="Init|Delete|Access|Val" />
   </DesignTime>
   <Attribute
      Name="Attribute1"
      Precision="255"
      ColumnName="ATTRIBUTE1"
      Type="java.lang.String"
      ColumnType="VARCHAR2"
      SQLType="VARCHAR"
      TableName="XXGAM_TM_KILOMETERS" >
      <DesignTime>
         <Attr Name="_DisplaySize" Value="255" />
      </DesignTime>
   </Attribute>
   <Attribute
      Name="Attribute10"
      Precision="255"
      ColumnName="ATTRIBUTE10"
      Type="java.lang.String"
      ColumnType="VARCHAR2"
      SQLType="VARCHAR"
      TableName="XXGAM_TM_KILOMETERS" >
      <DesignTime>
         <Attr Name="_DisplaySize" Value="255" />
      </DesignTime>
   </Attribute>
   <Attribute
      Name="Attribute2"
      Precision="255"
      ColumnName="ATTRIBUTE2"
      Type="java.lang.String"
      ColumnType="VARCHAR2"
      SQLType="VARCHAR"
      TableName="XXGAM_TM_KILOMETERS" >
      <DesignTime>
         <Attr Name="_DisplaySize" Value="255" />
      </DesignTime>
   </Attribute>
   <Attribute
      Name="Attribute3"
      Precision="255"
      ColumnName="ATTRIBUTE3"
      Type="java.lang.String"
      ColumnType="VARCHAR2"
      SQLType="VARCHAR"
      TableName="XXGAM_TM_KILOMETERS" >
      <DesignTime>
         <Attr Name="_DisplaySize" Value="255" />
      </DesignTime>
   </Attribute>
   <Attribute
      Name="Attribute4"
      Precision="255"
      ColumnName="ATTRIBUTE4"
      Type="java.lang.String"
      ColumnType="VARCHAR2"
      SQLType="VARCHAR"
      TableName="XXGAM_TM_KILOMETERS" >
      <DesignTime>
         <Attr Name="_DisplaySize" Value="255" />
      </DesignTime>
   </Attribute>
   <Attribute
      Name="Attribute5"
      Precision="255"
      ColumnName="ATTRIBUTE5"
      Type="java.lang.String"
      ColumnType="VARCHAR2"
      SQLType="VARCHAR"
      TableName="XXGAM_TM_KILOMETERS" >
      <DesignTime>
         <Attr Name="_DisplaySize" Value="255" />
      </DesignTime>
   </Attribute>
   <Attribute
      Name="Attribute6"
      Precision="255"
      ColumnName="ATTRIBUTE6"
      Type="java.lang.String"
      ColumnType="VARCHAR2"
      SQLType="VARCHAR"
      TableName="XXGAM_TM_KILOMETERS" >
      <DesignTime>
         <Attr Name="_DisplaySize" Value="255" />
      </DesignTime>
   </Attribute>
   <Attribute
      Name="Attribute7"
      Precision="255"
      ColumnName="ATTRIBUTE7"
      Type="java.lang.String"
      ColumnType="VARCHAR2"
      SQLType="VARCHAR"
      TableName="XXGAM_TM_KILOMETERS" >
      <DesignTime>
         <Attr Name="_DisplaySize" Value="255" />
      </DesignTime>
   </Attribute>
   <Attribute
      Name="Attribute8"
      Precision="255"
      ColumnName="ATTRIBUTE8"
      Type="java.lang.String"
      ColumnType="VARCHAR2"
      SQLType="VARCHAR"
      TableName="XXGAM_TM_KILOMETERS" >
      <DesignTime>
         <Attr Name="_DisplaySize" Value="255" />
      </DesignTime>
   </Attribute>
   <Attribute
      Name="Attribute9"
      Precision="255"
      ColumnName="ATTRIBUTE9"
      Type="java.lang.String"
      ColumnType="VARCHAR2"
      SQLType="VARCHAR"
      TableName="XXGAM_TM_KILOMETERS" >
      <DesignTime>
         <Attr Name="_DisplaySize" Value="255" />
      </DesignTime>
   </Attribute>
   <Attribute
      Name="CodeDestination"
      Precision="255"
      ColumnName="CODE_DESTINATION"
      Type="java.lang.String"
      ColumnType="VARCHAR2"
      SQLType="VARCHAR"
      TableName="XXGAM_TM_KILOMETERS" >
      <DesignTime>
         <Attr Name="_DisplaySize" Value="255" />
      </DesignTime>
   </Attribute>
   <Attribute
      Name="CodeOrigin"
      Precision="255"
      ColumnName="CODE_ORIGIN"
      Type="java.lang.String"
      ColumnType="VARCHAR2"
      SQLType="VARCHAR"
      TableName="XXGAM_TM_KILOMETERS" >
      <DesignTime>
         <Attr Name="_DisplaySize" Value="255" />
      </DesignTime>
   </Attribute>
   <Attribute
      Name="CreatedBy"
      ColumnName="CREATED_BY"
      Type="oracle.jbo.domain.Number"
      ColumnType="NUMBER"
      SQLType="NUMERIC"
      TableName="XXGAM_TM_KILOMETERS" >
      <DesignTime>
         <Attr Name="_DisplaySize" Value="22" />
      </DesignTime>
   </Attribute>
   <Attribute
      Name="CreationDate"
      ColumnName="CREATION_DATE"
      Type="oracle.jbo.domain.Date"
      ColumnType="DATE"
      SQLType="DATE"
      TableName="XXGAM_TM_KILOMETERS" >
      <DesignTime>
         <Attr Name="_DisplaySize" Value="7" />
      </DesignTime>
   </Attribute>
   <Attribute
      Name="DDestination"
      Precision="255"
      ColumnName="D_DESTINATION"
      Type="java.lang.String"
      ColumnType="VARCHAR2"
      SQLType="VARCHAR"
      TableName="XXGAM_TM_KILOMETERS" >
      <DesignTime>
         <Attr Name="_DisplaySize" Value="255" />
      </DesignTime>
   </Attribute>
   <Attribute
      Name="DOrigin"
      Precision="255"
      ColumnName="D_ORIGIN"
      Type="java.lang.String"
      ColumnType="VARCHAR2"
      SQLType="VARCHAR"
      TableName="XXGAM_TM_KILOMETERS" >
      <DesignTime>
         <Attr Name="_DisplaySize" Value="255" />
      </DesignTime>
   </Attribute>
   <Attribute
      Name="Km"
      ColumnName="KM"
      Type="oracle.jbo.domain.Number"
      ColumnType="NUMBER"
      SQLType="NUMERIC"
      TableName="XXGAM_TM_KILOMETERS" >
      <DesignTime>
         <Attr Name="_DisplaySize" Value="22" />
      </DesignTime>
   </Attribute>
   <Attribute
      Name="KmId"
      IsNotNull="true"
      ColumnName="KM_ID"
      Type="oracle.jbo.domain.Number"
      ColumnType="NUMBER"
      SQLType="NUMERIC"
      TableName="XXGAM_TM_KILOMETERS"
      PrimaryKey="true" >
      <DesignTime>
         <Attr Name="_DisplaySize" Value="22" />
      </DesignTime>
   </Attribute>
   <Attribute
      Name="LastUpdatedBy"
      ColumnName="LAST_UPDATED_BY"
      Type="oracle.jbo.domain.Number"
      ColumnType="NUMBER"
      SQLType="NUMERIC"
      TableName="XXGAM_TM_KILOMETERS" >
      <DesignTime>
         <Attr Name="_DisplaySize" Value="22" />
      </DesignTime>
   </Attribute>
   <Attribute
      Name="LastUpdateDate"
      ColumnName="LAST_UPDATE_DATE"
      Type="oracle.jbo.domain.Date"
      ColumnType="DATE"
      SQLType="DATE"
      TableName="XXGAM_TM_KILOMETERS" >
      <DesignTime>
         <Attr Name="_DisplaySize" Value="7" />
      </DesignTime>
   </Attribute>
   <Attribute
      Name="LastUpdateLogin"
      ColumnName="LAST_UPDATE_LOGIN"
      Type="oracle.jbo.domain.Number"
      ColumnType="NUMBER"
      SQLType="NUMERIC"
      TableName="XXGAM_TM_KILOMETERS" >
      <DesignTime>
         <Attr Name="_DisplaySize" Value="22" />
      </DesignTime>
   </Attribute>
   <Attribute
      Name="LoadDate"
      ColumnName="LOAD_DATE"
      Type="oracle.jbo.domain.Date"
      ColumnType="DATE"
      SQLType="DATE"
      TableName="XXGAM_TM_KILOMETERS" >
      <DesignTime>
         <Attr Name="_DisplaySize" Value="7" />
      </DesignTime>
   </Attribute>
   <Attribute
      Name="RowID"
      IsUpdateable="false"
      ColumnName="ROWID"
      Type="oracle.jbo.domain.RowID"
      ColumnType="ROWID"
      SQLType="ROWID"
      TableName="XXGAM_TM_KILOMETERS"
      PrimaryKey="true" >
   </Attribute>
   <Key
      Name="PkXxgamTmKilometers" >
      <AttrArray Name="Attributes">
         <Item Value="xxgam.oracle.apps.xbol.tm.catalogue.schema.server.KilometersEO.KmId" />
      </AttrArray>
      <DesignTime>
         <Attr Name="_isPrimary" Value="true" />
         <Attr Name="_DBObjectName" Value="PK_XXGAM_TM_KILOMETERS" />
      </DesignTime>
   </Key>
</Entity>
