<?xml version='1.0' encoding='windows-1252' ?>
<!DOCTYPE ViewObject SYSTEM "jbo_03_01.dtd">

<ViewObject
   Name="RequestStatusVO"
   OrderBy="TAG"
   BindingStyle="OracleName"
   CustomQuery="true"
   RowClass="oracle.apps.fnd.framework.server.OAViewRowImpl"
   ComponentClass="xxgam.oracle.apps.xbol.tm.poplist.server.RequestStatusVOImpl"
   UseGlueCode="false" >
   <SQLQuery><![CDATA[
SELECT LOOKUP_CODE, MEANING, TAG 
FROM FND_LOOKUP_VALUES 
WHERE LOOKUP_TYPE='XXGAM_TM_APPLICATION_STATUS'
AND LANGUAGE=USERENV('LANG')
AND ENABLED_FLAG='Y'
AND TRUNC(SYSDATE) BETWEEN START_DATE_ACTIVE AND HR_GENERAL.END_OF_TIME
   ]]></SQLQuery>
   <DesignTime>
      <Attr Name="_isExpertMode" Value="true" />
      <Attr Name="_version" Value="10.1.3.43.6" />
      <Attr Name="_codeGenFlag2" Value="Access|Coll|VarAccess" />
   </DesignTime>
   <ViewAttribute
      Name="LookupCode"
      IsUpdateable="false"
      IsPersistent="false"
      IsNotNull="true"
      Precision="30"
      Type="java.lang.String"
      ColumnType="VARCHAR2"
      AliasName="LOOKUP_CODE"
      Expression="LOOKUP_CODE"
      SQLType="VARCHAR" >
      <DesignTime>
         <Attr Name="_DisplaySize" Value="30" />
      </DesignTime>
   </ViewAttribute>
   <ViewAttribute
      Name="Meaning"
      IsUpdateable="false"
      IsPersistent="false"
      IsNotNull="true"
      Precision="80"
      Type="java.lang.String"
      ColumnType="VARCHAR2"
      AliasName="MEANING"
      Expression="MEANING"
      SQLType="VARCHAR" >
      <DesignTime>
         <Attr Name="_DisplaySize" Value="80" />
      </DesignTime>
   </ViewAttribute>
   <ViewAttribute
      Name="Tag"
      IsUpdateable="false"
      IsPersistent="false"
      Precision="150"
      Type="java.lang.String"
      ColumnType="VARCHAR2"
      AliasName="TAG"
      Expression="TAG"
      SQLType="VARCHAR" >
      <DesignTime>
         <Attr Name="_DisplaySize" Value="150" />
      </DesignTime>
   </ViewAttribute>
</ViewObject>
