<?xml version='1.0' encoding='windows-1252' ?>
<!DOCTYPE ViewObject SYSTEM "jbo_03_01.dtd">

<ViewObject
   Name="KilometersVO"
   SelectList="KilometersEO.ATTRIBUTE1, 
       KilometersEO.ATTRIBUTE10, 
       KilometersEO.ATTRIBUTE2, 
       KilometersEO.ATTRIBUTE3, 
       KilometersEO.ATTRIBUTE4, 
       KilometersEO.ATTRIBUTE5, 
       KilometersEO.ATTRIBUTE6, 
       KilometersEO.ATTRIBUTE7, 
       KilometersEO.ATTRIBUTE8, 
       KilometersEO.ATTRIBUTE9, 
       KilometersEO.CODE_DESTINATION, 
       KilometersEO.CODE_ORIGIN, 
       KilometersEO.CREATED_BY, 
       KilometersEO.CREATION_DATE, 
       KilometersEO.D_DESTINATION, 
       KilometersEO.D_ORIGIN, 
       KilometersEO.KM, 
       KilometersEO.KM_ID, 
       KilometersEO.LAST_UPDATED_BY, 
       KilometersEO.LAST_UPDATE_DATE, 
       KilometersEO.LAST_UPDATE_LOGIN, 
       KilometersEO.LOAD_DATE, 
       KilometersEO.ROWID"
   FromList="XXGAM_TM_KILOMETERS KilometersEO"
   BindingStyle="OracleName"
   CustomQuery="false"
   RowClass="xxgam.oracle.apps.xbol.tm.catalogue.server.KilometersVORowImpl"
   ComponentClass="xxgam.oracle.apps.xbol.tm.catalogue.server.KilometersVOImpl"
   UseGlueCode="false" >
   <DesignTime>
      <Attr Name="_isCodegen" Value="true" />
      <Attr Name="_version" Value="10.1.3.41.57" />
      <Attr Name="_codeGenFlag2" Value="Access|Coll|VarAccess" />
   </DesignTime>
   <EntityUsage
      Name="KilometersEO"
      Entity="xxgam.oracle.apps.xbol.tm.catalogue.schema.server.KilometersEO" >
      <DesignTime>
         <Attr Name="_queryClause" Value="false" />
      </DesignTime>
   </EntityUsage>
   <ViewAttribute
      Name="Attribute1"
      EntityAttrName="Attribute1"
      EntityUsage="KilometersEO"
      AliasName="ATTRIBUTE1" >
   </ViewAttribute>
   <ViewAttribute
      Name="Attribute10"
      EntityAttrName="Attribute10"
      EntityUsage="KilometersEO"
      AliasName="ATTRIBUTE10" >
   </ViewAttribute>
   <ViewAttribute
      Name="Attribute2"
      EntityAttrName="Attribute2"
      EntityUsage="KilometersEO"
      AliasName="ATTRIBUTE2" >
   </ViewAttribute>
   <ViewAttribute
      Name="Attribute3"
      EntityAttrName="Attribute3"
      EntityUsage="KilometersEO"
      AliasName="ATTRIBUTE3" >
   </ViewAttribute>
   <ViewAttribute
      Name="Attribute4"
      EntityAttrName="Attribute4"
      EntityUsage="KilometersEO"
      AliasName="ATTRIBUTE4" >
   </ViewAttribute>
   <ViewAttribute
      Name="Attribute5"
      EntityAttrName="Attribute5"
      EntityUsage="KilometersEO"
      AliasName="ATTRIBUTE5" >
   </ViewAttribute>
   <ViewAttribute
      Name="Attribute6"
      EntityAttrName="Attribute6"
      EntityUsage="KilometersEO"
      AliasName="ATTRIBUTE6" >
   </ViewAttribute>
   <ViewAttribute
      Name="Attribute7"
      EntityAttrName="Attribute7"
      EntityUsage="KilometersEO"
      AliasName="ATTRIBUTE7" >
   </ViewAttribute>
   <ViewAttribute
      Name="Attribute8"
      EntityAttrName="Attribute8"
      EntityUsage="KilometersEO"
      AliasName="ATTRIBUTE8" >
   </ViewAttribute>
   <ViewAttribute
      Name="Attribute9"
      EntityAttrName="Attribute9"
      EntityUsage="KilometersEO"
      AliasName="ATTRIBUTE9" >
   </ViewAttribute>
   <ViewAttribute
      Name="CodeDestination"
      EntityAttrName="CodeDestination"
      EntityUsage="KilometersEO"
      AliasName="CODE_DESTINATION" >
   </ViewAttribute>
   <ViewAttribute
      Name="CodeOrigin"
      EntityAttrName="CodeOrigin"
      EntityUsage="KilometersEO"
      AliasName="CODE_ORIGIN" >
   </ViewAttribute>
   <ViewAttribute
      Name="CreatedBy"
      EntityAttrName="CreatedBy"
      EntityUsage="KilometersEO"
      AliasName="CREATED_BY" >
   </ViewAttribute>
   <ViewAttribute
      Name="CreationDate"
      EntityAttrName="CreationDate"
      EntityUsage="KilometersEO"
      AliasName="CREATION_DATE" >
   </ViewAttribute>
   <ViewAttribute
      Name="DDestination"
      EntityAttrName="DDestination"
      EntityUsage="KilometersEO"
      AliasName="D_DESTINATION" >
   </ViewAttribute>
   <ViewAttribute
      Name="DOrigin"
      EntityAttrName="DOrigin"
      EntityUsage="KilometersEO"
      AliasName="D_ORIGIN" >
   </ViewAttribute>
   <ViewAttribute
      Name="Km"
      EntityAttrName="Km"
      EntityUsage="KilometersEO"
      AliasName="KM" >
   </ViewAttribute>
   <ViewAttribute
      Name="KmId"
      IsNotNull="true"
      EntityAttrName="KmId"
      EntityUsage="KilometersEO"
      AliasName="KM_ID" >
   </ViewAttribute>
   <ViewAttribute
      Name="LastUpdatedBy"
      EntityAttrName="LastUpdatedBy"
      EntityUsage="KilometersEO"
      AliasName="LAST_UPDATED_BY" >
   </ViewAttribute>
   <ViewAttribute
      Name="LastUpdateDate"
      EntityAttrName="LastUpdateDate"
      EntityUsage="KilometersEO"
      AliasName="LAST_UPDATE_DATE" >
   </ViewAttribute>
   <ViewAttribute
      Name="LastUpdateLogin"
      EntityAttrName="LastUpdateLogin"
      EntityUsage="KilometersEO"
      AliasName="LAST_UPDATE_LOGIN" >
   </ViewAttribute>
   <ViewAttribute
      Name="LoadDate"
      EntityAttrName="LoadDate"
      EntityUsage="KilometersEO"
      AliasName="LOAD_DATE" >
   </ViewAttribute>
   <ViewAttribute
      Name="RowID"
      IsUpdateable="false"
      EntityAttrName="RowID"
      EntityUsage="KilometersEO"
      AliasName="ROWID" >
   </ViewAttribute>
   <ViewAttribute
      Name="IsRecordEnabled"
      IsSelected="false"
      IsPersistent="false"
      DefaultValue="True"
      Type="java.lang.Boolean"
      ColumnType="NUMBER"
      AliasName="VIEW_ATTR"
      SQLType="BIT" >
   </ViewAttribute>
   <ViewAttribute
      Name="IsRecordEnabled2"
      IsSelected="false"
      IsPersistent="false"
      DefaultValue="False"
      Type="java.lang.Boolean"
      ColumnType="NUMBER"
      AliasName="VIEW_ATTR"
      SQLType="BIT" >
   </ViewAttribute>
   <ViewAttribute
      Name="IsRecordEnabled3"
      IsSelected="false"
      IsPersistent="false"
      DefaultValue="True"
      Type="java.lang.Boolean"
      ColumnType="NUMBER"
      AliasName="VIEW_ATTR"
      SQLType="BIT" >
   </ViewAttribute>
   <ViewAttribute
      Name="IsRecordEnabled4"
      IsSelected="false"
      IsPersistent="false"
      DefaultValue="False"
      Type="java.lang.Boolean"
      ColumnType="NUMBER"
      AliasName="VIEW_ATTR"
      SQLType="BIT" >
   </ViewAttribute>
</ViewObject>
