<?xml version='1.0' encoding='windows-1252' ?>
<!DOCTYPE ViewObject SYSTEM "jbo_03_01.dtd">

<ViewObject
   Name="OriDestVO"
   SelectList="OriDestEO.ATTRIBUTE1, 
       OriDestEO.ATTRIBUTE10, 
       OriDestEO.ATTRIBUTE2, 
       OriDestEO.ATTRIBUTE3, 
       OriDestEO.ATTRIBUTE4, 
       OriDestEO.ATTRIBUTE5, 
       OriDestEO.ATTRIBUTE6, 
       OriDestEO.ATTRIBUTE7, 
       OriDestEO.ATTRIBUTE8, 
       OriDestEO.ATTRIBUTE9, 
       OriDestEO.CODE, 
       OriDestEO.COUNTRY_CODE, 
       OriDestEO.COUNTRY_DESCRIPTION, 
       OriDestEO.CREATED_BY, 
       OriDestEO.CREATION_DATE, 
       OriDestEO.DESCRIPTION, 
       OriDestEO.LAST_UPDATED_BY, 
       OriDestEO.LAST_UPDATE_DATE, 
       OriDestEO.LAST_UPDATE_LOGIN, 
       OriDestEO.LOAD_DATE, 
       OriDestEO.ORIDEST_ID, 
       OriDestEO.ROWID, 
       OriDestEO.STATE_CODE, 
       OriDestEO.STATE_DESCRIPTION"
   FromList="XXGAM_TM_ORIDEST OriDestEO"
   BindingStyle="OracleName"
   CustomQuery="false"
   RowClass="xxgam.oracle.apps.xbol.tm.catalogue.server.OriDestVORowImpl"
   ComponentClass="xxgam.oracle.apps.xbol.tm.catalogue.server.OriDestVOImpl"
   FetchMode="FETCH_AS_NEEDED"
   UseGlueCode="false" >
   <DesignTime>
      <Attr Name="_isCodegen" Value="true" />
      <Attr Name="_version" Value="10.1.3.41.57" />
      <Attr Name="_codeGenFlag2" Value="Access|Coll|VarAccess" />
   </DesignTime>
   <EntityUsage
      Name="OriDestEO"
      Entity="xxgam.oracle.apps.xbol.tm.catalogue.schema.server.OriDestEO" >
      <DesignTime>
         <Attr Name="_queryClause" Value="false" />
      </DesignTime>
   </EntityUsage>
   <ViewAttribute
      Name="Attribute1"
      EntityAttrName="Attribute1"
      EntityUsage="OriDestEO"
      AliasName="ATTRIBUTE1" >
   </ViewAttribute>
   <ViewAttribute
      Name="Attribute10"
      EntityAttrName="Attribute10"
      EntityUsage="OriDestEO"
      AliasName="ATTRIBUTE10" >
   </ViewAttribute>
   <ViewAttribute
      Name="Attribute2"
      EntityAttrName="Attribute2"
      EntityUsage="OriDestEO"
      AliasName="ATTRIBUTE2" >
   </ViewAttribute>
   <ViewAttribute
      Name="Attribute3"
      EntityAttrName="Attribute3"
      EntityUsage="OriDestEO"
      AliasName="ATTRIBUTE3" >
   </ViewAttribute>
   <ViewAttribute
      Name="Attribute4"
      EntityAttrName="Attribute4"
      EntityUsage="OriDestEO"
      AliasName="ATTRIBUTE4" >
   </ViewAttribute>
   <ViewAttribute
      Name="Attribute5"
      EntityAttrName="Attribute5"
      EntityUsage="OriDestEO"
      AliasName="ATTRIBUTE5" >
   </ViewAttribute>
   <ViewAttribute
      Name="Attribute6"
      EntityAttrName="Attribute6"
      EntityUsage="OriDestEO"
      AliasName="ATTRIBUTE6" >
   </ViewAttribute>
   <ViewAttribute
      Name="Attribute7"
      EntityAttrName="Attribute7"
      EntityUsage="OriDestEO"
      AliasName="ATTRIBUTE7" >
   </ViewAttribute>
   <ViewAttribute
      Name="Attribute8"
      EntityAttrName="Attribute8"
      EntityUsage="OriDestEO"
      AliasName="ATTRIBUTE8" >
   </ViewAttribute>
   <ViewAttribute
      Name="Attribute9"
      EntityAttrName="Attribute9"
      EntityUsage="OriDestEO"
      AliasName="ATTRIBUTE9" >
   </ViewAttribute>
   <ViewAttribute
      Name="Code"
      EntityAttrName="Code"
      EntityUsage="OriDestEO"
      AliasName="CODE" >
   </ViewAttribute>
   <ViewAttribute
      Name="CountryCode"
      EntityAttrName="CountryCode"
      EntityUsage="OriDestEO"
      AliasName="COUNTRY_CODE" >
   </ViewAttribute>
   <ViewAttribute
      Name="CountryDescription"
      EntityAttrName="CountryDescription"
      EntityUsage="OriDestEO"
      AliasName="COUNTRY_DESCRIPTION" >
   </ViewAttribute>
   <ViewAttribute
      Name="CreatedBy"
      EntityAttrName="CreatedBy"
      EntityUsage="OriDestEO"
      AliasName="CREATED_BY" >
   </ViewAttribute>
   <ViewAttribute
      Name="CreationDate"
      EntityAttrName="CreationDate"
      EntityUsage="OriDestEO"
      AliasName="CREATION_DATE" >
   </ViewAttribute>
   <ViewAttribute
      Name="Description"
      EntityAttrName="Description"
      EntityUsage="OriDestEO"
      AliasName="DESCRIPTION" >
   </ViewAttribute>
   <ViewAttribute
      Name="LastUpdatedBy"
      EntityAttrName="LastUpdatedBy"
      EntityUsage="OriDestEO"
      AliasName="LAST_UPDATED_BY" >
   </ViewAttribute>
   <ViewAttribute
      Name="LastUpdateDate"
      EntityAttrName="LastUpdateDate"
      EntityUsage="OriDestEO"
      AliasName="LAST_UPDATE_DATE" >
   </ViewAttribute>
   <ViewAttribute
      Name="LastUpdateLogin"
      EntityAttrName="LastUpdateLogin"
      EntityUsage="OriDestEO"
      AliasName="LAST_UPDATE_LOGIN" >
   </ViewAttribute>
   <ViewAttribute
      Name="LoadDate"
      EntityAttrName="LoadDate"
      EntityUsage="OriDestEO"
      AliasName="LOAD_DATE" >
   </ViewAttribute>
   <ViewAttribute
      Name="OridestId"
      EntityAttrName="OridestId"
      EntityUsage="OriDestEO"
      AliasName="ORIDEST_ID" >
   </ViewAttribute>
   <ViewAttribute
      Name="RowID"
      IsUpdateable="false"
      EntityAttrName="RowID"
      EntityUsage="OriDestEO"
      AliasName="ROWID" >
   </ViewAttribute>
   <ViewAttribute
      Name="StateCode"
      EntityAttrName="StateCode"
      EntityUsage="OriDestEO"
      AliasName="STATE_CODE" >
   </ViewAttribute>
   <ViewAttribute
      Name="StateDescription"
      EntityAttrName="StateDescription"
      EntityUsage="OriDestEO"
      AliasName="STATE_DESCRIPTION" >
   </ViewAttribute>
   <ViewAttribute
      Name="IsRecordEnabled"
      IsSelected="false"
      IsPersistent="false"
      DefaultValue="True"
      Type="java.lang.Boolean"
      ColumnType="NUMBER"
      AliasName="VIEW_ATTR"
      SQLType="BIT" >
   </ViewAttribute>
   <ViewAttribute
      Name="IsRecordEnabled2"
      IsSelected="false"
      IsPersistent="false"
      DefaultValue="False"
      Type="java.lang.Boolean"
      ColumnType="NUMBER"
      AliasName="VIEW_ATTR"
      SQLType="BIT" >
   </ViewAttribute>
   <ViewAttribute
      Name="IsRecordEnabled3"
      IsSelected="false"
      IsPersistent="false"
      DefaultValue="True"
      Type="java.lang.Boolean"
      ColumnType="NUMBER"
      AliasName="VIEW_ATTR"
      SQLType="BIT" >
   </ViewAttribute>
   <ViewAttribute
      Name="IsRecordEnabled4"
      IsSelected="false"
      IsPersistent="false"
      DefaultValue="False"
      Type="java.lang.Boolean"
      ColumnType="NUMBER"
      AliasName="VIEW_ATTR"
      SQLType="BIT" >
   </ViewAttribute>
</ViewObject>
