<?xml version='1.0' encoding='windows-1252' ?>
<!DOCTYPE JboPackage SYSTEM "jbo_03_01.dtd">

<JboPackage
   Name="server"
   SeparateXMLFiles="true"
   PackageName="xxgam.oracle.apps.xbol.tm.catalogue.server" >
   <DesignTime>
      <Attr Name="_ejbPackage" Value="false" />
      <Attr Name="_version" Value="10.1.3.41.57" />
   </DesignTime>
   <Containee
      Name="catalogueAM"
      FullName="xxgam.oracle.apps.xbol.tm.catalogue.server.catalogueAM"
      ObjectType="AppModule" >
   </Containee>
   <Containee
      Name="KilometersVO"
      FullName="xxgam.oracle.apps.xbol.tm.catalogue.server.KilometersVO"
      ObjectType="ViewObject" >
   </Containee>
   <Containee
      Name="OriDestVO"
      FullName="xxgam.oracle.apps.xbol.tm.catalogue.server.OriDestVO"
      ObjectType="ViewObject" >
   </Containee>
   <Containee
      Name="ShippersVO"
      FullName="xxgam.oracle.apps.xbol.tm.catalogue.server.ShippersVO"
      ObjectType="ViewObject" >
   </Containee>
   <Containee
      Name="SimplificationVO"
      FullName="xxgam.oracle.apps.xbol.tm.catalogue.server.SimplificationVO"
      ObjectType="ViewObject" >
   </Containee>
</JboPackage>
