<?xml version='1.0' encoding='windows-1252' ?>
<!DOCTYPE ViewObject SYSTEM "jbo_03_01.dtd">

<ViewObject
   Name="ShippersVO"
   SelectList="ShippersEO.ADDRESS, 
       ShippersEO.ATTRIBUTE1, 
       ShippersEO.ATTRIBUTE10, 
       ShippersEO.ATTRIBUTE2, 
       ShippersEO.ATTRIBUTE3, 
       ShippersEO.ATTRIBUTE4, 
       ShippersEO.ATTRIBUTE5, 
       ShippersEO.ATTRIBUTE6, 
       ShippersEO.ATTRIBUTE7, 
       ShippersEO.ATTRIBUTE8, 
       ShippersEO.ATTRIBUTE9, 
       ShippersEO.CODE, 
       ShippersEO.CREATED_BY, 
       ShippersEO.CREATION_DATE, 
       ShippersEO.LAST_UPDATED_BY, 
       ShippersEO.LAST_UPDATE_DATE, 
       ShippersEO.LAST_UPDATE_LOGIN, 
       ShippersEO.LOAD_DATE, 
       ShippersEO.ROWID, 
       ShippersEO.SHIPPER, 
       ShippersEO.SHIPPER_ID"
   FromList="XXGAM_TM_SHIPPERS ShippersEO"
   BindingStyle="OracleName"
   CustomQuery="false"
   RowClass="xxgam.oracle.apps.xbol.tm.catalogue.server.ShippersVORowImpl"
   ComponentClass="xxgam.oracle.apps.xbol.tm.catalogue.server.ShippersVOImpl"
   UseGlueCode="false" >
   <DesignTime>
      <Attr Name="_isCodegen" Value="true" />
      <Attr Name="_version" Value="10.1.3.41.57" />
      <Attr Name="_codeGenFlag2" Value="Access|Coll|VarAccess" />
   </DesignTime>
   <EntityUsage
      Name="ShippersEO"
      Entity="xxgam.oracle.apps.xbol.tm.catalogue.schema.server.ShippersEO" >
      <DesignTime>
         <Attr Name="_queryClause" Value="false" />
      </DesignTime>
   </EntityUsage>
   <ViewAttribute
      Name="Address"
      EntityAttrName="Address"
      EntityUsage="ShippersEO"
      AliasName="ADDRESS" >
   </ViewAttribute>
   <ViewAttribute
      Name="Attribute1"
      EntityAttrName="Attribute1"
      EntityUsage="ShippersEO"
      AliasName="ATTRIBUTE1" >
   </ViewAttribute>
   <ViewAttribute
      Name="Attribute10"
      EntityAttrName="Attribute10"
      EntityUsage="ShippersEO"
      AliasName="ATTRIBUTE10" >
   </ViewAttribute>
   <ViewAttribute
      Name="Attribute2"
      EntityAttrName="Attribute2"
      EntityUsage="ShippersEO"
      AliasName="ATTRIBUTE2" >
   </ViewAttribute>
   <ViewAttribute
      Name="Attribute3"
      EntityAttrName="Attribute3"
      EntityUsage="ShippersEO"
      AliasName="ATTRIBUTE3" >
   </ViewAttribute>
   <ViewAttribute
      Name="Attribute4"
      EntityAttrName="Attribute4"
      EntityUsage="ShippersEO"
      AliasName="ATTRIBUTE4" >
   </ViewAttribute>
   <ViewAttribute
      Name="Attribute5"
      EntityAttrName="Attribute5"
      EntityUsage="ShippersEO"
      AliasName="ATTRIBUTE5" >
   </ViewAttribute>
   <ViewAttribute
      Name="Attribute6"
      EntityAttrName="Attribute6"
      EntityUsage="ShippersEO"
      AliasName="ATTRIBUTE6" >
   </ViewAttribute>
   <ViewAttribute
      Name="Attribute7"
      EntityAttrName="Attribute7"
      EntityUsage="ShippersEO"
      AliasName="ATTRIBUTE7" >
   </ViewAttribute>
   <ViewAttribute
      Name="Attribute8"
      EntityAttrName="Attribute8"
      EntityUsage="ShippersEO"
      AliasName="ATTRIBUTE8" >
   </ViewAttribute>
   <ViewAttribute
      Name="Attribute9"
      EntityAttrName="Attribute9"
      EntityUsage="ShippersEO"
      AliasName="ATTRIBUTE9" >
   </ViewAttribute>
   <ViewAttribute
      Name="Code"
      EntityAttrName="Code"
      EntityUsage="ShippersEO"
      AliasName="CODE" >
   </ViewAttribute>
   <ViewAttribute
      Name="CreatedBy"
      EntityAttrName="CreatedBy"
      EntityUsage="ShippersEO"
      AliasName="CREATED_BY" >
   </ViewAttribute>
   <ViewAttribute
      Name="CreationDate"
      EntityAttrName="CreationDate"
      EntityUsage="ShippersEO"
      AliasName="CREATION_DATE" >
   </ViewAttribute>
   <ViewAttribute
      Name="LastUpdatedBy"
      EntityAttrName="LastUpdatedBy"
      EntityUsage="ShippersEO"
      AliasName="LAST_UPDATED_BY" >
   </ViewAttribute>
   <ViewAttribute
      Name="LastUpdateDate"
      EntityAttrName="LastUpdateDate"
      EntityUsage="ShippersEO"
      AliasName="LAST_UPDATE_DATE" >
   </ViewAttribute>
   <ViewAttribute
      Name="LastUpdateLogin"
      EntityAttrName="LastUpdateLogin"
      EntityUsage="ShippersEO"
      AliasName="LAST_UPDATE_LOGIN" >
   </ViewAttribute>
   <ViewAttribute
      Name="LoadDate"
      EntityAttrName="LoadDate"
      EntityUsage="ShippersEO"
      AliasName="LOAD_DATE" >
   </ViewAttribute>
   <ViewAttribute
      Name="RowID"
      IsUpdateable="false"
      EntityAttrName="RowID"
      EntityUsage="ShippersEO"
      AliasName="ROWID" >
   </ViewAttribute>
   <ViewAttribute
      Name="Shipper"
      EntityAttrName="Shipper"
      EntityUsage="ShippersEO"
      AliasName="SHIPPER" >
   </ViewAttribute>
   <ViewAttribute
      Name="ShipperId"
      IsNotNull="true"
      EntityAttrName="ShipperId"
      EntityUsage="ShippersEO"
      AliasName="SHIPPER_ID" >
   </ViewAttribute>
   <ViewAttribute
      Name="IsRecordEnabled"
      IsSelected="false"
      IsPersistent="false"
      DefaultValue="True"
      Type="java.lang.Boolean"
      ColumnType="NUMBER"
      AliasName="VIEW_ATTR"
      SQLType="BIT" >
   </ViewAttribute>
   <ViewAttribute
      Name="IsRecordEnabled2"
      IsSelected="false"
      IsPersistent="false"
      DefaultValue="False"
      Type="java.lang.Boolean"
      ColumnType="NUMBER"
      AliasName="VIEW_ATTR"
      SQLType="BIT" >
   </ViewAttribute>
   <ViewAttribute
      Name="IsRecordEnabled4"
      IsSelected="false"
      IsPersistent="false"
      DefaultValue="False"
      Type="java.lang.Boolean"
      ColumnType="NUMBER"
      AliasName="VIEW_ATTR"
      SQLType="BIT" >
   </ViewAttribute>
   <ViewAttribute
      Name="IsRecordEnabled3"
      IsSelected="false"
      IsPersistent="false"
      DefaultValue="True"
      Type="java.lang.Boolean"
      ColumnType="NUMBER"
      AliasName="VIEW_ATTR"
      SQLType="BIT" >
   </ViewAttribute>
</ViewObject>
