<?xml version='1.0' encoding='windows-1252' ?>
<!DOCTYPE ViewObject SYSTEM "jbo_03_01.dtd">

<ViewObject
   Name="SimplificationVO"
   SelectList="SimplificationEO.ATTRIBUTE1, 
       SimplificationEO.ATTRIBUTE10, 
       SimplificationEO.ATTRIBUTE2, 
       SimplificationEO.ATTRIBUTE3, 
       SimplificationEO.ATTRIBUTE4, 
       SimplificationEO.ATTRIBUTE5, 
       SimplificationEO.ATTRIBUTE6, 
       SimplificationEO.ATTRIBUTE7, 
       SimplificationEO.ATTRIBUTE8, 
       SimplificationEO.ATTRIBUTE9, 
       SimplificationEO.CODE, 
       SimplificationEO.CODE_ORIDEST, 
       SimplificationEO.CREATED_BY, 
       SimplificationEO.CREATION_DATE, 
       SimplificationEO.DESCRIPTION, 
       SimplificationEO.D_ORIDEST, 
       SimplificationEO.LAST_UPDATED_BY, 
       SimplificationEO.LAST_UPDATE_DATE, 
       SimplificationEO.LAST_UPDATE_LOGIN, 
       SimplificationEO.LOAD_DATE, 
       SimplificationEO.ROWID, 
       SimplificationEO.SIMP_ID"
   FromList="XXGAM_TM_SIMPLIFICATION SimplificationEO"
   BindingStyle="OracleName"
   CustomQuery="false"
   RowClass="xxgam.oracle.apps.xbol.tm.catalogue.server.SimplificationVORowImpl"
   ComponentClass="xxgam.oracle.apps.xbol.tm.catalogue.server.SimplificationVOImpl"
   UseGlueCode="false" >
   <DesignTime>
      <Attr Name="_isCodegen" Value="true" />
      <Attr Name="_version" Value="10.1.3.41.57" />
      <Attr Name="_codeGenFlag2" Value="Access|Coll|VarAccess" />
   </DesignTime>
   <EntityUsage
      Name="SimplificationEO"
      Entity="xxgam.oracle.apps.xbol.tm.catalogue.schema.server.SimplificationEO" >
      <DesignTime>
         <Attr Name="_queryClause" Value="false" />
      </DesignTime>
   </EntityUsage>
   <ViewAttribute
      Name="Attribute1"
      EntityAttrName="Attribute1"
      EntityUsage="SimplificationEO"
      AliasName="ATTRIBUTE1" >
   </ViewAttribute>
   <ViewAttribute
      Name="Attribute10"
      EntityAttrName="Attribute10"
      EntityUsage="SimplificationEO"
      AliasName="ATTRIBUTE10" >
   </ViewAttribute>
   <ViewAttribute
      Name="Attribute2"
      EntityAttrName="Attribute2"
      EntityUsage="SimplificationEO"
      AliasName="ATTRIBUTE2" >
   </ViewAttribute>
   <ViewAttribute
      Name="Attribute3"
      EntityAttrName="Attribute3"
      EntityUsage="SimplificationEO"
      AliasName="ATTRIBUTE3" >
   </ViewAttribute>
   <ViewAttribute
      Name="Attribute4"
      EntityAttrName="Attribute4"
      EntityUsage="SimplificationEO"
      AliasName="ATTRIBUTE4" >
   </ViewAttribute>
   <ViewAttribute
      Name="Attribute5"
      EntityAttrName="Attribute5"
      EntityUsage="SimplificationEO"
      AliasName="ATTRIBUTE5" >
   </ViewAttribute>
   <ViewAttribute
      Name="Attribute6"
      EntityAttrName="Attribute6"
      EntityUsage="SimplificationEO"
      AliasName="ATTRIBUTE6" >
   </ViewAttribute>
   <ViewAttribute
      Name="Attribute7"
      EntityAttrName="Attribute7"
      EntityUsage="SimplificationEO"
      AliasName="ATTRIBUTE7" >
   </ViewAttribute>
   <ViewAttribute
      Name="Attribute8"
      EntityAttrName="Attribute8"
      EntityUsage="SimplificationEO"
      AliasName="ATTRIBUTE8" >
   </ViewAttribute>
   <ViewAttribute
      Name="Attribute9"
      EntityAttrName="Attribute9"
      EntityUsage="SimplificationEO"
      AliasName="ATTRIBUTE9" >
   </ViewAttribute>
   <ViewAttribute
      Name="Code"
      EntityAttrName="Code"
      EntityUsage="SimplificationEO"
      AliasName="CODE" >
   </ViewAttribute>
   <ViewAttribute
      Name="CodeOridest"
      EntityAttrName="CodeOridest"
      EntityUsage="SimplificationEO"
      AliasName="CODE_ORIDEST" >
   </ViewAttribute>
   <ViewAttribute
      Name="CreatedBy"
      EntityAttrName="CreatedBy"
      EntityUsage="SimplificationEO"
      AliasName="CREATED_BY" >
   </ViewAttribute>
   <ViewAttribute
      Name="CreationDate"
      EntityAttrName="CreationDate"
      EntityUsage="SimplificationEO"
      AliasName="CREATION_DATE" >
   </ViewAttribute>
   <ViewAttribute
      Name="Description"
      EntityAttrName="Description"
      EntityUsage="SimplificationEO"
      AliasName="DESCRIPTION" >
   </ViewAttribute>
   <ViewAttribute
      Name="DOridest"
      EntityAttrName="DOridest"
      EntityUsage="SimplificationEO"
      AliasName="D_ORIDEST" >
   </ViewAttribute>
   <ViewAttribute
      Name="LastUpdatedBy"
      EntityAttrName="LastUpdatedBy"
      EntityUsage="SimplificationEO"
      AliasName="LAST_UPDATED_BY" >
   </ViewAttribute>
   <ViewAttribute
      Name="LastUpdateDate"
      EntityAttrName="LastUpdateDate"
      EntityUsage="SimplificationEO"
      AliasName="LAST_UPDATE_DATE" >
   </ViewAttribute>
   <ViewAttribute
      Name="LastUpdateLogin"
      EntityAttrName="LastUpdateLogin"
      EntityUsage="SimplificationEO"
      AliasName="LAST_UPDATE_LOGIN" >
   </ViewAttribute>
   <ViewAttribute
      Name="LoadDate"
      EntityAttrName="LoadDate"
      EntityUsage="SimplificationEO"
      AliasName="LOAD_DATE" >
   </ViewAttribute>
   <ViewAttribute
      Name="RowID"
      IsUpdateable="false"
      EntityAttrName="RowID"
      EntityUsage="SimplificationEO"
      AliasName="ROWID" >
   </ViewAttribute>
   <ViewAttribute
      Name="SimpId"
      IsNotNull="true"
      EntityAttrName="SimpId"
      EntityUsage="SimplificationEO"
      AliasName="SIMP_ID" >
   </ViewAttribute>
   <ViewAttribute
      Name="IsRecordEnabled"
      IsSelected="false"
      IsPersistent="false"
      DefaultValue="True"
      Type="java.lang.Boolean"
      ColumnType="VARCHAR2"
      AliasName="VIEW_ATTR"
      SQLType="BIT" >
   </ViewAttribute>
   <ViewAttribute
      Name="IsRecordEnabled2"
      IsSelected="false"
      IsPersistent="false"
      DefaultValue="False"
      Type="java.lang.Boolean"
      ColumnType="NUMBER"
      AliasName="VIEW_ATTR"
      SQLType="BIT" >
   </ViewAttribute>
   <ViewAttribute
      Name="IsRecordEnabled3"
      IsSelected="false"
      IsPersistent="false"
      DefaultValue="True"
      Type="java.lang.Boolean"
      ColumnType="NUMBER"
      AliasName="VIEW_ATTR"
      SQLType="BIT" >
   </ViewAttribute>
   <ViewAttribute
      Name="IsRecordEnabled4"
      IsSelected="false"
      IsPersistent="false"
      Type="java.lang.Boolean"
      ColumnType="NUMBER"
      AliasName="VIEW_ATTR"
      SQLType="BIT" >
   </ViewAttribute>
</ViewObject>
