<?xml version='1.0' encoding='windows-1252' ?>
<!DOCTYPE AppModule SYSTEM "jbo_03_01.dtd">

<AppModule
   Name="LovAM"
   ComponentClass="xxgam.oracle.apps.xbol.tm.lov.server.LovAMImpl"
   DefClass="xxgam.oracle.apps.xbol.tm.lov.server.LovAMDefImpl" >
   <DesignTime>
      <Attr Name="_isDefCodegen" Value="true" />
      <Attr Name="_isCodegen" Value="true" />
      <Attr Name="_version" Value="10.1.3.41.57" />
      <Attr Name="_deployType" Value="0" />
   </DesignTime>
   <ViewUsage
      Name="DestinationVO1"
      ViewObjectName="xxgam.oracle.apps.xbol.tm.lov.server.DestinationVO" >
   </ViewUsage>
   <ViewUsage
      Name="PriorityVO1"
      ViewObjectName="xxgam.oracle.apps.xbol.tm.lov.server.PriorityVO" >
   </ViewUsage>
   <ViewUsage
      Name="OriginVO1"
      ViewObjectName="xxgam.oracle.apps.xbol.tm.lov.server.OriginVO" >
   </ViewUsage>
   <ViewUsage
      Name="DistributionVO1"
      ViewObjectName="xxgam.oracle.apps.xbol.tm.lov.server.DistributionVO" >
   </ViewUsage>
   <ViewUsage
      Name="ProvidersVO1"
      ViewObjectName="xxgam.oracle.apps.xbol.tm.lov.server.ProvidersVO" >
   </ViewUsage>
   <ViewUsage
      Name="ZonesVO1"
      ViewObjectName="xxgam.oracle.apps.xbol.tm.lov.server.ZonesVO" >
   </ViewUsage>
   <ViewUsage
      Name="TransportModeVO1"
      ViewObjectName="xxgam.oracle.apps.xbol.tm.lov.server.TransportModeVO" >
   </ViewUsage>
   <ViewUsage
      Name="OriDestVO1"
      ViewObjectName="xxgam.oracle.apps.xbol.tm.lov.server.OriDestVO" >
   </ViewUsage>
</AppModule>
