<?xml version='1.0' encoding='windows-1252' ?>
<!DOCTYPE ViewObject SYSTEM "jbo_03_01.dtd">

<ViewObject
   Name="ExtraCostVO"
   BindingStyle="OracleName"
   CustomQuery="true"
   RowClass="xxgam.oracle.apps.xbol.tm.InvoiceAs.server.ExtraCostVORowImpl"
   ComponentClass="xxgam.oracle.apps.xbol.tm.InvoiceAs.server.ExtraCostVOImpl"
   UseGlueCode="false" >
   <SQLQuery><![CDATA[
SELECT 
  EX.ID_EXTRA_COST
, EX.ID_FREIGHT_CHAR
, EX.TYPE_EXTRA_COST
, EX.RATE
, EX.TAX_RATE
 FROM XXGAM_TM_EXTRA_COST_T EX
   ]]></SQLQuery>
   <DesignTime>
      <Attr Name="_isCodegen" Value="true" />
      <Attr Name="_isExpertMode" Value="true" />
      <Attr Name="_version" Value="10.1.3.41.57" />
      <Attr Name="_codeGenFlag2" Value="Access|Coll|VarAccess" />
   </DesignTime>
   <ViewAttribute
      Name="IdExtraCost"
      IsUpdateable="false"
      IsPersistent="false"
      Type="oracle.jbo.domain.Number"
      ColumnType="NUMBER"
      AliasName="ID_EXTRA_COST"
      Expression="ID_EXTRA_COST"
      SQLType="NUMERIC" >
      <DesignTime>
         <Attr Name="_DisplaySize" Value="22" />
      </DesignTime>
   </ViewAttribute>
   <ViewAttribute
      Name="IdFreightChar"
      IsUpdateable="false"
      IsPersistent="false"
      Precision="255"
      Type="java.lang.String"
      ColumnType="VARCHAR2"
      AliasName="ID_FREIGHT_CHAR"
      Expression="ID_FREIGHT_CHAR"
      SQLType="VARCHAR" >
      <DesignTime>
         <Attr Name="_DisplaySize" Value="255" />
      </DesignTime>
   </ViewAttribute>
   <ViewAttribute
      Name="TypeExtraCost"
      IsUpdateable="false"
      IsPersistent="false"
      Precision="255"
      Type="java.lang.String"
      ColumnType="VARCHAR2"
      AliasName="TYPE_EXTRA_COST"
      Expression="TYPE_EXTRA_COST"
      SQLType="VARCHAR" >
      <DesignTime>
         <Attr Name="_DisplaySize" Value="255" />
      </DesignTime>
   </ViewAttribute>
   <ViewAttribute
      Name="Rate"
      IsUpdateable="false"
      IsPersistent="false"
      Type="oracle.jbo.domain.Number"
      ColumnType="NUMBER"
      AliasName="RATE"
      Expression="RATE"
      SQLType="NUMERIC" >
      <DesignTime>
         <Attr Name="_DisplaySize" Value="22" />
      </DesignTime>
   </ViewAttribute>
   <ViewAttribute
      Name="TaxRate"
      IsUpdateable="false"
      IsPersistent="false"
      Type="oracle.jbo.domain.Number"
      ColumnType="NUMBER"
      AliasName="TAX_RATE"
      Expression="TAX_RATE"
      SQLType="NUMERIC" >
      <DesignTime>
         <Attr Name="_DisplaySize" Value="22" />
      </DesignTime>
   </ViewAttribute>
   <AttrArray Name="KeyAttributes">
      <Item Value="IdFreightChar" />
   </AttrArray>
</ViewObject>
