<?xml version='1.0' encoding='windows-1252' ?>
<!DOCTYPE AppModule SYSTEM "jbo_03_01.dtd">

<AppModule
   Name="InvoiceAsAM"
   ComponentClass="xxgam.oracle.apps.xbol.tm.InvoiceAs.server.InvoiceAsAMImpl" >
   <DesignTime>
      <Attr Name="_isCodegen" Value="true" />
      <Attr Name="_version" Value="10.1.3.41.57" />
      <Attr Name="_deployType" Value="0" />
   </DesignTime>
   <ViewUsage
      Name="ExtraCostVO1"
      ViewObjectName="xxgam.oracle.apps.xbol.tm.InvoiceAs.server.ExtraCostVO" >
   </ViewUsage>
   <ViewUsage
      Name="MasterFreightVO1"
      ViewObjectName="xxgam.oracle.apps.xbol.tm.InvoiceAs.server.MasterFreightVO" >
   </ViewUsage>
   <ViewUsage
      Name="ExtraCostVO2"
      ViewObjectName="xxgam.oracle.apps.xbol.tm.InvoiceAs.server.ExtraCostVO" >
   </ViewUsage>
   <ViewLinkUsage
      Name="MasterExtraVL1"
      ViewLinkObjectName="xxgam.oracle.apps.xbol.tm.InvoiceAs.server.MasterExtraVL"
      SrcViewUsageName="xxgam.oracle.apps.xbol.tm.InvoiceAs.server.InvoiceAsAM.MasterFreightVO1"
      DstViewUsageName="xxgam.oracle.apps.xbol.tm.InvoiceAs.server.InvoiceAsAM.ExtraCostVO2" >
      <DesignTime>
         <Attr Name="_isCodegen" Value="true" />
         <Attr Name="_version" Value="10.1.3.41.57" />
      </DesignTime>
   </ViewLinkUsage>
</AppModule>
