<?xml version='1.0' encoding='windows-1252' ?>
<!DOCTYPE Entity SYSTEM "jbo_03_01.dtd">

<Entity
   Name="MasterFreightEO"
   DBObjectType="table"
   DBObjectName="XXGAM_TM_FREIGHT_INFO_T"
   AliasName="MasterFreightEO"
   BindingStyle="JDBC"
   UseGlueCode="false"
   RowClass="xxgam.oracle.apps.xbol.tm.InvoiceAs.server.MasterFreightEOImpl"
   DefClass="oracle.apps.fnd.framework.server.OAEntityDefImpl"
   CollClass="oracle.apps.fnd.framework.server.OAEntityCache" >
   <DesignTime>
      <Attr Name="_isCodegen" Value="true" />
      <Attr Name="_version" Value="10.1.3.41.57" />
      <AttrArray Name="_publishEvents">
      </AttrArray>
      <Attr Name="_codeGenFlag2" Value="Init|Delete|Access|Val" />
   </DesignTime>
   <Attribute
      Name="IdFreightChar"
      Precision="200"
      ColumnName="ID_FREIGHT_CHAR"
      Type="java.lang.String"
      ColumnType="VARCHAR2"
      SQLType="VARCHAR"
      TableName="XXGAM_TM_FREIGHT_INFO_T"
      PrimaryKey="true" >
      <DesignTime>
         <Attr Name="_DisplaySize" Value="200" />
      </DesignTime>
   </Attribute>
   <Attribute
      Name="ModeDesc"
      Precision="200"
      ColumnName="MODE_DESC"
      Type="java.lang.String"
      ColumnType="VARCHAR2"
      SQLType="VARCHAR"
      TableName="XXGAM_TM_FREIGHT_INFO_T" >
      <DesignTime>
         <Attr Name="_DisplaySize" Value="200" />
      </DesignTime>
   </Attribute>
   <Attribute
      Name="IdFolio"
      ColumnName="ID_FOLIO"
      Type="oracle.jbo.domain.Number"
      ColumnType="NUMBER"
      SQLType="NUMERIC"
      TableName="XXGAM_TM_FREIGHT_INFO_T" >
      <DesignTime>
         <Attr Name="_DisplaySize" Value="22" />
      </DesignTime>
   </Attribute>
   <Attribute
      Name="IdStretch"
      ColumnName="ID_STRETCH"
      Type="oracle.jbo.domain.Number"
      ColumnType="NUMBER"
      SQLType="NUMERIC"
      TableName="XXGAM_TM_FREIGHT_INFO_T" >
      <DesignTime>
         <Attr Name="_DisplaySize" Value="22" />
      </DesignTime>
   </Attribute>
   <Attribute
      Name="InvoiceStatus"
      Precision="255"
      ColumnName="INVOICE_STATUS"
      Type="java.lang.String"
      ColumnType="VARCHAR2"
      SQLType="VARCHAR"
      TableName="XXGAM_TM_FREIGHT_INFO_T" >
      <DesignTime>
         <Attr Name="_DisplaySize" Value="255" />
      </DesignTime>
   </Attribute>
   <Attribute
      Name="ArrivalDate"
      ColumnName="ARRIVAL_DATE"
      Type="oracle.jbo.domain.Date"
      ColumnType="DATE"
      SQLType="DATE"
      TableName="XXGAM_TM_FREIGHT_INFO_T" >
      <DesignTime>
         <Attr Name="_DisplaySize" Value="7" />
      </DesignTime>
   </Attribute>
   <Attribute
      Name="ArrivalTime"
      Precision="200"
      ColumnName="ARRIVAL_TIME"
      Type="java.lang.String"
      ColumnType="VARCHAR2"
      SQLType="VARCHAR"
      TableName="XXGAM_TM_FREIGHT_INFO_T" >
      <DesignTime>
         <Attr Name="_DisplaySize" Value="200" />
      </DesignTime>
   </Attribute>
   <Attribute
      Name="Attribute1"
      Precision="200"
      ColumnName="ATTRIBUTE1"
      Type="java.lang.String"
      ColumnType="VARCHAR2"
      SQLType="VARCHAR"
      TableName="XXGAM_TM_FREIGHT_INFO_T" >
      <DesignTime>
         <Attr Name="_DisplaySize" Value="200" />
      </DesignTime>
   </Attribute>
   <Attribute
      Name="Attribute10"
      Precision="200"
      ColumnName="ATTRIBUTE10"
      Type="java.lang.String"
      ColumnType="VARCHAR2"
      SQLType="VARCHAR"
      TableName="XXGAM_TM_FREIGHT_INFO_T" >
      <DesignTime>
         <Attr Name="_DisplaySize" Value="200" />
      </DesignTime>
   </Attribute>
   <Attribute
      Name="Attribute2"
      Precision="200"
      ColumnName="ATTRIBUTE2"
      Type="java.lang.String"
      ColumnType="VARCHAR2"
      SQLType="VARCHAR"
      TableName="XXGAM_TM_FREIGHT_INFO_T" >
      <DesignTime>
         <Attr Name="_DisplaySize" Value="200" />
      </DesignTime>
   </Attribute>
   <Attribute
      Name="Attribute3"
      Precision="200"
      ColumnName="ATTRIBUTE3"
      Type="java.lang.String"
      ColumnType="VARCHAR2"
      SQLType="VARCHAR"
      TableName="XXGAM_TM_FREIGHT_INFO_T" >
      <DesignTime>
         <Attr Name="_DisplaySize" Value="200" />
      </DesignTime>
   </Attribute>
   <Attribute
      Name="Attribute4"
      Precision="200"
      ColumnName="ATTRIBUTE4"
      Type="java.lang.String"
      ColumnType="VARCHAR2"
      SQLType="VARCHAR"
      TableName="XXGAM_TM_FREIGHT_INFO_T" >
      <DesignTime>
         <Attr Name="_DisplaySize" Value="200" />
      </DesignTime>
   </Attribute>
   <Attribute
      Name="Attribute5"
      Precision="200"
      ColumnName="ATTRIBUTE5"
      Type="java.lang.String"
      ColumnType="VARCHAR2"
      SQLType="VARCHAR"
      TableName="XXGAM_TM_FREIGHT_INFO_T" >
      <DesignTime>
         <Attr Name="_DisplaySize" Value="200" />
      </DesignTime>
   </Attribute>
   <Attribute
      Name="Attribute6"
      Precision="200"
      ColumnName="ATTRIBUTE6"
      Type="java.lang.String"
      ColumnType="VARCHAR2"
      SQLType="VARCHAR"
      TableName="XXGAM_TM_FREIGHT_INFO_T" >
      <DesignTime>
         <Attr Name="_DisplaySize" Value="200" />
      </DesignTime>
   </Attribute>
   <Attribute
      Name="Attribute7"
      Precision="200"
      ColumnName="ATTRIBUTE7"
      Type="java.lang.String"
      ColumnType="VARCHAR2"
      SQLType="VARCHAR"
      TableName="XXGAM_TM_FREIGHT_INFO_T" >
      <DesignTime>
         <Attr Name="_DisplaySize" Value="200" />
      </DesignTime>
   </Attribute>
   <Attribute
      Name="Attribute8"
      Precision="200"
      ColumnName="ATTRIBUTE8"
      Type="java.lang.String"
      ColumnType="VARCHAR2"
      SQLType="VARCHAR"
      TableName="XXGAM_TM_FREIGHT_INFO_T" >
      <DesignTime>
         <Attr Name="_DisplaySize" Value="200" />
      </DesignTime>
   </Attribute>
   <Attribute
      Name="Attribute9"
      Precision="200"
      ColumnName="ATTRIBUTE9"
      Type="java.lang.String"
      ColumnType="VARCHAR2"
      SQLType="VARCHAR"
      TableName="XXGAM_TM_FREIGHT_INFO_T" >
      <DesignTime>
         <Attr Name="_DisplaySize" Value="200" />
      </DesignTime>
   </Attribute>
   <Attribute
      Name="AwbBol"
      Precision="200"
      ColumnName="AWB_BOL"
      Type="java.lang.String"
      ColumnType="VARCHAR2"
      SQLType="VARCHAR"
      TableName="XXGAM_TM_FREIGHT_INFO_T" >
      <DesignTime>
         <Attr Name="_DisplaySize" Value="200" />
      </DesignTime>
   </Attribute>
   <Attribute
      Name="Classification"
      Precision="200"
      ColumnName="CLASSIFICATION"
      Type="java.lang.String"
      ColumnType="VARCHAR2"
      SQLType="VARCHAR"
      TableName="XXGAM_TM_FREIGHT_INFO_T" >
      <DesignTime>
         <Attr Name="_DisplaySize" Value="200" />
      </DesignTime>
   </Attribute>
   <Attribute
      Name="CreatedBy"
      ColumnName="CREATED_BY"
      Type="oracle.jbo.domain.Number"
      ColumnType="NUMBER"
      SQLType="NUMERIC"
      TableName="XXGAM_TM_FREIGHT_INFO_T" >
      <DesignTime>
         <Attr Name="_DisplaySize" Value="22" />
      </DesignTime>
   </Attribute>
   <Attribute
      Name="CreationDate"
      ColumnName="CREATION_DATE"
      Type="oracle.jbo.domain.Date"
      ColumnType="DATE"
      SQLType="DATE"
      TableName="XXGAM_TM_FREIGHT_INFO_T" >
      <DesignTime>
         <Attr Name="_DisplaySize" Value="7" />
      </DesignTime>
   </Attribute>
   <Attribute
      Name="Destination"
      Precision="200"
      ColumnName="DESTINATION"
      Type="java.lang.String"
      ColumnType="VARCHAR2"
      SQLType="VARCHAR"
      TableName="XXGAM_TM_FREIGHT_INFO_T" >
      <DesignTime>
         <Attr Name="_DisplaySize" Value="200" />
      </DesignTime>
   </Attribute>
   <Attribute
      Name="Distribution"
      Precision="200"
      ColumnName="DISTRIBUTION"
      Type="java.lang.String"
      ColumnType="VARCHAR2"
      SQLType="VARCHAR"
      TableName="XXGAM_TM_FREIGHT_INFO_T" >
      <DesignTime>
         <Attr Name="_DisplaySize" Value="200" />
      </DesignTime>
   </Attribute>
   <Attribute
      Name="DistributionCode"
      Precision="200"
      ColumnName="DISTRIBUTION_CODE"
      Type="java.lang.String"
      ColumnType="VARCHAR2"
      SQLType="VARCHAR"
      TableName="XXGAM_TM_FREIGHT_INFO_T" >
      <DesignTime>
         <Attr Name="_DisplaySize" Value="200" />
      </DesignTime>
   </Attribute>
   <Attribute
      Name="Document1"
      Precision="200"
      ColumnName="DOCUMENT1"
      Type="java.lang.String"
      ColumnType="VARCHAR2"
      SQLType="VARCHAR"
      TableName="XXGAM_TM_FREIGHT_INFO_T" >
      <DesignTime>
         <Attr Name="_DisplaySize" Value="200" />
      </DesignTime>
   </Attribute>
   <Attribute
      Name="Document2"
      Precision="200"
      ColumnName="DOCUMENT2"
      Type="java.lang.String"
      ColumnType="VARCHAR2"
      SQLType="VARCHAR"
      TableName="XXGAM_TM_FREIGHT_INFO_T" >
      <DesignTime>
         <Attr Name="_DisplaySize" Value="200" />
      </DesignTime>
   </Attribute>
   <Attribute
      Name="Document3"
      Precision="200"
      ColumnName="DOCUMENT3"
      Type="java.lang.String"
      ColumnType="VARCHAR2"
      SQLType="VARCHAR"
      TableName="XXGAM_TM_FREIGHT_INFO_T" >
      <DesignTime>
         <Attr Name="_DisplaySize" Value="200" />
      </DesignTime>
   </Attribute>
   <Attribute
      Name="Document4"
      Precision="200"
      ColumnName="DOCUMENT4"
      Type="java.lang.String"
      ColumnType="VARCHAR2"
      SQLType="VARCHAR"
      TableName="XXGAM_TM_FREIGHT_INFO_T" >
      <DesignTime>
         <Attr Name="_DisplaySize" Value="200" />
      </DesignTime>
   </Attribute>
   <Attribute
      Name="Eta"
      ColumnName="ETA"
      Type="oracle.jbo.domain.Date"
      ColumnType="DATE"
      SQLType="DATE"
      TableName="XXGAM_TM_FREIGHT_INFO_T" >
      <DesignTime>
         <Attr Name="_DisplaySize" Value="7" />
      </DesignTime>
   </Attribute>
   <Attribute
      Name="EtaHour"
      Precision="200"
      ColumnName="ETA_HOUR"
      Type="java.lang.String"
      ColumnType="VARCHAR2"
      SQLType="VARCHAR"
      TableName="XXGAM_TM_FREIGHT_INFO_T" >
      <DesignTime>
         <Attr Name="_DisplaySize" Value="200" />
      </DesignTime>
   </Attribute>
   <Attribute
      Name="Etd"
      ColumnName="ETD"
      Type="oracle.jbo.domain.Date"
      ColumnType="DATE"
      SQLType="DATE"
      TableName="XXGAM_TM_FREIGHT_INFO_T" >
      <DesignTime>
         <Attr Name="_DisplaySize" Value="7" />
      </DesignTime>
   </Attribute>
   <Attribute
      Name="EtdHour"
      Precision="200"
      ColumnName="ETD_HOUR"
      Type="java.lang.String"
      ColumnType="VARCHAR2"
      SQLType="VARCHAR"
      TableName="XXGAM_TM_FREIGHT_INFO_T" >
      <DesignTime>
         <Attr Name="_DisplaySize" Value="200" />
      </DesignTime>
   </Attribute>
   <Attribute
      Name="Flight"
      Precision="200"
      ColumnName="FLIGHT"
      Type="java.lang.String"
      ColumnType="VARCHAR2"
      SQLType="VARCHAR"
      TableName="XXGAM_TM_FREIGHT_INFO_T" >
      <DesignTime>
         <Attr Name="_DisplaySize" Value="200" />
      </DesignTime>
   </Attribute>
   <Attribute
      Name="FreightJob"
      Precision="200"
      ColumnName="FREIGHT_JOB"
      Type="java.lang.String"
      ColumnType="VARCHAR2"
      SQLType="VARCHAR"
      TableName="XXGAM_TM_FREIGHT_INFO_T" >
      <DesignTime>
         <Attr Name="_DisplaySize" Value="200" />
      </DesignTime>
   </Attribute>
   <Attribute
      Name="IdClassification"
      ColumnName="ID_CLASSIFICATION"
      Type="oracle.jbo.domain.Number"
      ColumnType="NUMBER"
      SQLType="NUMERIC"
      TableName="XXGAM_TM_FREIGHT_INFO_T" >
      <DesignTime>
         <Attr Name="_DisplaySize" Value="22" />
      </DesignTime>
   </Attribute>
   <Attribute
      Name="IdDestination"
      ColumnName="ID_DESTINATION"
      Type="oracle.jbo.domain.Number"
      ColumnType="NUMBER"
      SQLType="NUMERIC"
      TableName="XXGAM_TM_FREIGHT_INFO_T" >
      <DesignTime>
         <Attr Name="_DisplaySize" Value="22" />
      </DesignTime>
   </Attribute>
   <Attribute
      Name="IdDistribution"
      ColumnName="ID_DISTRIBUTION"
      Type="oracle.jbo.domain.Number"
      ColumnType="NUMBER"
      SQLType="NUMERIC"
      TableName="XXGAM_TM_FREIGHT_INFO_T" >
      <DesignTime>
         <Attr Name="_DisplaySize" Value="22" />
      </DesignTime>
   </Attribute>
   <Attribute
      Name="IdFreight"
      IsNotNull="true"
      ColumnName="ID_FREIGHT"
      Type="oracle.jbo.domain.Number"
      ColumnType="NUMBER"
      SQLType="NUMERIC"
      TableName="XXGAM_TM_FREIGHT_INFO_T" >
      <DesignTime>
         <Attr Name="_DisplaySize" Value="22" />
      </DesignTime>
   </Attribute>
   <Attribute
      Name="IdMedia"
      ColumnName="ID_MEDIA"
      Type="oracle.jbo.domain.Number"
      ColumnType="NUMBER"
      SQLType="NUMERIC"
      TableName="XXGAM_TM_FREIGHT_INFO_T" >
      <DesignTime>
         <Attr Name="_DisplaySize" Value="22" />
      </DesignTime>
   </Attribute>
   <Attribute
      Name="IdMode"
      ColumnName="ID_MODE"
      Type="oracle.jbo.domain.Number"
      ColumnType="NUMBER"
      SQLType="NUMERIC"
      TableName="XXGAM_TM_FREIGHT_INFO_T" >
      <DesignTime>
         <Attr Name="_DisplaySize" Value="22" />
      </DesignTime>
   </Attribute>
   <Attribute
      Name="IdOrigin"
      ColumnName="ID_ORIGIN"
      Type="oracle.jbo.domain.Number"
      ColumnType="NUMBER"
      SQLType="NUMERIC"
      TableName="XXGAM_TM_FREIGHT_INFO_T" >
      <DesignTime>
         <Attr Name="_DisplaySize" Value="22" />
      </DesignTime>
   </Attribute>
   <Attribute
      Name="IdProvider"
      ColumnName="ID_PROVIDER"
      Type="oracle.jbo.domain.Number"
      ColumnType="NUMBER"
      SQLType="NUMERIC"
      TableName="XXGAM_TM_FREIGHT_INFO_T" >
      <DesignTime>
         <Attr Name="_DisplaySize" Value="22" />
      </DesignTime>
   </Attribute>
   <Attribute
      Name="IdRequest"
      ColumnName="ID_REQUEST"
      Type="oracle.jbo.domain.Number"
      ColumnType="NUMBER"
      SQLType="NUMERIC"
      TableName="XXGAM_TM_FREIGHT_INFO_T" >
      <DesignTime>
         <Attr Name="_DisplaySize" Value="22" />
      </DesignTime>
   </Attribute>
   <Attribute
      Name="IdStatus"
      ColumnName="ID_STATUS"
      Type="oracle.jbo.domain.Number"
      ColumnType="NUMBER"
      SQLType="NUMERIC"
      TableName="XXGAM_TM_FREIGHT_INFO_T" >
      <DesignTime>
         <Attr Name="_DisplaySize" Value="22" />
      </DesignTime>
   </Attribute>
   <Attribute
      Name="IdZone"
      ColumnName="ID_ZONE"
      Type="oracle.jbo.domain.Number"
      ColumnType="NUMBER"
      SQLType="NUMERIC"
      TableName="XXGAM_TM_FREIGHT_INFO_T" >
      <DesignTime>
         <Attr Name="_DisplaySize" Value="22" />
      </DesignTime>
   </Attribute>
   <Attribute
      Name="LastUpdatedBy"
      ColumnName="LAST_UPDATED_BY"
      Type="oracle.jbo.domain.Number"
      ColumnType="NUMBER"
      SQLType="NUMERIC"
      TableName="XXGAM_TM_FREIGHT_INFO_T" >
      <DesignTime>
         <Attr Name="_DisplaySize" Value="22" />
      </DesignTime>
   </Attribute>
   <Attribute
      Name="LastUpdateDate"
      ColumnName="LAST_UPDATE_DATE"
      Type="oracle.jbo.domain.Date"
      ColumnType="DATE"
      SQLType="DATE"
      TableName="XXGAM_TM_FREIGHT_INFO_T" >
      <DesignTime>
         <Attr Name="_DisplaySize" Value="7" />
      </DesignTime>
   </Attribute>
   <Attribute
      Name="LastUpdateLogin"
      ColumnName="LAST_UPDATE_LOGIN"
      Type="oracle.jbo.domain.Number"
      ColumnType="NUMBER"
      SQLType="NUMERIC"
      TableName="XXGAM_TM_FREIGHT_INFO_T" >
      <DesignTime>
         <Attr Name="_DisplaySize" Value="22" />
      </DesignTime>
   </Attribute>
   <Attribute
      Name="Media"
      Precision="200"
      ColumnName="MEDIA"
      Type="java.lang.String"
      ColumnType="VARCHAR2"
      SQLType="VARCHAR"
      TableName="XXGAM_TM_FREIGHT_INFO_T" >
      <DesignTime>
         <Attr Name="_DisplaySize" Value="200" />
      </DesignTime>
   </Attribute>
   <Attribute
      Name="ModeCode"
      Precision="200"
      ColumnName="MODE_CODE"
      Type="java.lang.String"
      ColumnType="VARCHAR2"
      SQLType="VARCHAR"
      TableName="XXGAM_TM_FREIGHT_INFO_T" >
      <DesignTime>
         <Attr Name="_DisplaySize" Value="200" />
      </DesignTime>
   </Attribute>
   <Attribute
      Name="MultipleDeliveriesFlag"
      Precision="200"
      ColumnName="MULTIPLE_DELIVERIES_FLAG"
      Type="java.lang.String"
      ColumnType="VARCHAR2"
      SQLType="VARCHAR"
      TableName="XXGAM_TM_FREIGHT_INFO_T" >
      <DesignTime>
         <Attr Name="_DisplaySize" Value="200" />
      </DesignTime>
   </Attribute>
   <Attribute
      Name="NumDeliveries"
      ColumnName="NUM_DELIVERIES"
      Type="oracle.jbo.domain.Number"
      ColumnType="NUMBER"
      SQLType="NUMERIC"
      TableName="XXGAM_TM_FREIGHT_INFO_T" >
      <DesignTime>
         <Attr Name="_DisplaySize" Value="22" />
      </DesignTime>
   </Attribute>
   <Attribute
      Name="Origin"
      Precision="200"
      ColumnName="ORIGIN"
      Type="java.lang.String"
      ColumnType="VARCHAR2"
      SQLType="VARCHAR"
      TableName="XXGAM_TM_FREIGHT_INFO_T" >
      <DesignTime>
         <Attr Name="_DisplaySize" Value="200" />
      </DesignTime>
   </Attribute>
   <Attribute
      Name="Pediment"
      Precision="200"
      ColumnName="PEDIMENT"
      Type="java.lang.String"
      ColumnType="VARCHAR2"
      SQLType="VARCHAR"
      TableName="XXGAM_TM_FREIGHT_INFO_T" >
      <DesignTime>
         <Attr Name="_DisplaySize" Value="200" />
      </DesignTime>
   </Attribute>
   <Attribute
      Name="Priority"
      Precision="100"
      ColumnName="PRIORITY"
      Type="java.lang.String"
      ColumnType="VARCHAR2"
      SQLType="VARCHAR"
      TableName="XXGAM_TM_FREIGHT_INFO_T" >
      <DesignTime>
         <Attr Name="_DisplaySize" Value="100" />
      </DesignTime>
   </Attribute>
   <Attribute
      Name="PriorityCode"
      Precision="100"
      ColumnName="PRIORITY_CODE"
      Type="java.lang.String"
      ColumnType="VARCHAR2"
      SQLType="VARCHAR"
      TableName="XXGAM_TM_FREIGHT_INFO_T" >
      <DesignTime>
         <Attr Name="_DisplaySize" Value="100" />
      </DesignTime>
   </Attribute>
   <Attribute
      Name="Provider"
      Precision="200"
      ColumnName="PROVIDER"
      Type="java.lang.String"
      ColumnType="VARCHAR2"
      SQLType="VARCHAR"
      TableName="XXGAM_TM_FREIGHT_INFO_T" >
      <DesignTime>
         <Attr Name="_DisplaySize" Value="200" />
      </DesignTime>
   </Attribute>
   <Attribute
      Name="Status"
      Precision="200"
      ColumnName="STATUS"
      Type="java.lang.String"
      ColumnType="VARCHAR2"
      SQLType="VARCHAR"
      TableName="XXGAM_TM_FREIGHT_INFO_T" >
      <DesignTime>
         <Attr Name="_DisplaySize" Value="200" />
      </DesignTime>
   </Attribute>
   <Attribute
      Name="UseRate"
      Precision="200"
      ColumnName="USE_RATE"
      Type="java.lang.String"
      ColumnType="VARCHAR2"
      SQLType="VARCHAR"
      TableName="XXGAM_TM_FREIGHT_INFO_T" >
      <DesignTime>
         <Attr Name="_DisplaySize" Value="200" />
      </DesignTime>
   </Attribute>
   <Attribute
      Name="ZoneDesc"
      Precision="200"
      ColumnName="ZONE_DESC"
      Type="java.lang.String"
      ColumnType="VARCHAR2"
      SQLType="VARCHAR"
      TableName="XXGAM_TM_FREIGHT_INFO_T" >
      <DesignTime>
         <Attr Name="_DisplaySize" Value="200" />
      </DesignTime>
   </Attribute>
   <Key
      Name="PkXxgamTmFreightInfoT" >
      <AttrArray Name="Attributes">
         <Item Value="xxgam.oracle.apps.xbol.tm.InvoiceAs.server.MasterFreightEO.IdFreight" />
         <Item Value="xxgam.oracle.apps.xbol.tm.InvoiceAs.server.MasterFreightEO.IdFreightChar" />
      </AttrArray>
      <DesignTime>
         <Attr Name="_isNotNull" Value="true" />
         <Attr Name="_DBObjectName" Value="PK_XXGAM_TM_FREIGHT_INFO_T" />
      </DesignTime>
   </Key>
</Entity>
