<?xml version='1.0' encoding='windows-1252' ?>
<!DOCTYPE AppModule SYSTEM "jbo_03_01.dtd">

<AppModule
   Name="RequestAM"
   ComponentClass="xxgam.oracle.apps.xbol.tm.freight.server.RequestAMImpl" >
   <DesignTime>
      <Attr Name="_isCodegen" Value="true" />
      <Attr Name="_version" Value="10.1.3.43.6" />
      <Attr Name="_deployType" Value="0" />
   </DesignTime>
   <ViewUsage
      Name="DownloadVO1"
      ViewObjectName="xxgam.oracle.apps.xbol.tm.freight.server.DownloadVO" >
   </ViewUsage>
   <ViewUsage
      Name="MaterialMVO1"
      ViewObjectName="xxgam.oracle.apps.xbol.tm.freight.server.MaterialMVO" >
   </ViewUsage>
   <ViewUsage
      Name="RequestVO1"
      ViewObjectName="xxgam.oracle.apps.xbol.tm.freight.server.RequestVO" >
   </ViewUsage>
   <ViewUsage
      Name="RequestUserVO1"
      ViewObjectName="xxgam.oracle.apps.xbol.tm.freight.server.RequestUserVO" >
   </ViewUsage>
</AppModule>
