<?xml version='1.0' encoding='windows-1252' ?>
<!DOCTYPE AppModule SYSTEM "jbo_03_01.dtd">

<AppModule
   Name="InvoiceAsAM"
   ComponentClass="xxgam.oracle.apps.xbol.tm.InvoiceAs.server.InvoiceAsAMImpl" >
   <DesignTime>
      <Attr Name="_isCodegen" Value="true" />
      <Attr Name="_version" Value="10.1.3.41.57" />
      <Attr Name="_deployType" Value="0" />
   </DesignTime>
   <ViewUsage
      Name="DetailVO1"
      ViewObjectName="xxgam.oracle.apps.xbol.tm.InvoiceAs.server.DetailVO" >
   </ViewUsage>
   <ViewUsage
      Name="PrincipalAsVO1"
      ViewObjectName="xxgam.oracle.apps.xbol.tm.InvoiceAs.server.PrincipalAsVO" >
   </ViewUsage>
   <ViewUsage
      Name="DetailVO2"
      ViewObjectName="xxgam.oracle.apps.xbol.tm.InvoiceAs.server.DetailVO" >
   </ViewUsage>
   <ViewLinkUsage
      Name="MasterDetailVL1"
      ViewLinkObjectName="xxgam.oracle.apps.xbol.tm.InvoiceAs.server.MasterDetailVL"
      SrcViewUsageName="xxgam.oracle.apps.xbol.tm.InvoiceAs.server.InvoiceAsAM.PrincipalAsVO1"
      DstViewUsageName="xxgam.oracle.apps.xbol.tm.InvoiceAs.server.InvoiceAsAM.DetailVO2" >
      <DesignTime>
         <Attr Name="_isCodegen" Value="true" />
         <Attr Name="_version" Value="10.1.3.41.57" />
      </DesignTime>
   </ViewLinkUsage>
</AppModule>
