<?xml version='1.0' encoding='windows-1252' ?>
<!DOCTYPE ViewLink SYSTEM "jbo_03_01.dtd">

<ViewLink
   Name="MasterDetailVL" >
   <DesignTime>
      <Attr Name="_isCodegen" Value="true" />
      <Attr Name="_version" Value="10.1.3.41.57" />
   </DesignTime>
   <ViewLinkDefEnd
      Name="PrincipalAsVO"
      Cardinality="1"
      Owner="xxgam.oracle.apps.xbol.tm.InvoiceAs.server.PrincipalAsVO"
      Source="true" >
      <AttrArray Name="Attributes">
         <Item Value="xxgam.oracle.apps.xbol.tm.InvoiceAs.server.PrincipalAsVO.IdFreightChar" />
      </AttrArray>
      <DesignTime>
         <Attr Name="_finderName" Value="PrincipalAsVO" />
         <Attr Name="_isUpdateable" Value="true" />
      </DesignTime>
   </ViewLinkDefEnd>
   <ViewLinkDefEnd
      Name="DetailVO"
      Cardinality="-1"
      Owner="xxgam.oracle.apps.xbol.tm.InvoiceAs.server.DetailVO" >
      <AttrArray Name="Attributes">
         <Item Value="xxgam.oracle.apps.xbol.tm.InvoiceAs.server.DetailVO.IdFreightChar" />
      </AttrArray>
      <DesignTime>
         <Attr Name="_finderName" Value="DetailVO" />
         <Attr Name="_isUpdateable" Value="true" />
      </DesignTime>
   </ViewLinkDefEnd>
</ViewLink>
