<?xml version='1.0' encoding='windows-1252' ?>
<!DOCTYPE ViewObject SYSTEM "jbo_03_01.dtd">

<ViewObject
   Name="PrincipalAsVO"
   SelectList="PrincipalAsEO.ARRIVAL_DATE, 
       PrincipalAsEO.ARRIVAL_TIME, 
       PrincipalAsEO.ATTRIBUTE1, 
       PrincipalAsEO.ATTRIBUTE10, 
       PrincipalAsEO.ATTRIBUTE2, 
       PrincipalAsEO.ATTRIBUTE3, 
       PrincipalAsEO.ATTRIBUTE4, 
       PrincipalAsEO.ATTRIBUTE5, 
       PrincipalAsEO.ATTRIBUTE6, 
       PrincipalAsEO.ATTRIBUTE7, 
       PrincipalAsEO.ATTRIBUTE8, 
       PrincipalAsEO.ATTRIBUTE9, 
       PrincipalAsEO.AWB_BOL, 
       PrincipalAsEO.CLASSIFICATION, 
       PrincipalAsEO.CREATED_BY, 
       PrincipalAsEO.CREATION_DATE, 
       PrincipalAsEO.DESTINATION, 
       PrincipalAsEO.DISTRIBUTION, 
       PrincipalAsEO.DISTRIBUTION_CODE, 
       PrincipalAsEO.DOCUMENT1, 
       PrincipalAsEO.DOCUMENT2, 
       PrincipalAsEO.DOCUMENT3, 
       PrincipalAsEO.DOCUMENT4, 
       PrincipalAsEO.ETA, 
       PrincipalAsEO.ETA_HOUR, 
       PrincipalAsEO.ETD, 
       PrincipalAsEO.ETD_HOUR, 
       PrincipalAsEO.FLIGHT, 
       PrincipalAsEO.FREIGHT_JOB, 
       PrincipalAsEO.ID_CLASSIFICATION, 
       PrincipalAsEO.ID_DESTINATION, 
       PrincipalAsEO.ID_DISTRIBUTION, 
       PrincipalAsEO.ID_FOLIO, 
       PrincipalAsEO.ID_FREIGHT, 
       PrincipalAsEO.ID_FREIGHT_CHAR, 
       PrincipalAsEO.ID_MEDIA, 
       PrincipalAsEO.ID_MODE, 
       PrincipalAsEO.ID_ORIGIN, 
       PrincipalAsEO.ID_PROVIDER, 
       PrincipalAsEO.ID_REQUEST, 
       PrincipalAsEO.ID_STATUS, 
       PrincipalAsEO.ID_STRETCH, 
       PrincipalAsEO.ID_ZONE, 
       PrincipalAsEO.INVOICE_STATUS, 
       PrincipalAsEO.LAST_UPDATED_BY, 
       PrincipalAsEO.LAST_UPDATE_DATE, 
       PrincipalAsEO.LAST_UPDATE_LOGIN, 
       PrincipalAsEO.MEDIA, 
       PrincipalAsEO.MODE_CODE, 
       PrincipalAsEO.MODE_DESC, 
       PrincipalAsEO.MULTIPLE_DELIVERIES_FLAG, 
       PrincipalAsEO.NUM_DELIVERIES, 
       PrincipalAsEO.ORIGIN, 
       PrincipalAsEO.PEDIMENT, 
       PrincipalAsEO.PROVIDER, 
       PrincipalAsEO.ROWID, 
       PrincipalAsEO.STATUS, 
       PrincipalAsEO.USE_RATE, 
       PrincipalAsEO.ZONE_DESC"
   FromList="XXGAM_TM_FREIGHT_INFO_T PrincipalAsEO"
   BindingStyle="OracleName"
   CustomQuery="false"
   RowClass="xxgam.oracle.apps.xbol.tm.InvoiceAs.server.PrincipalAsVORowImpl"
   ComponentClass="xxgam.oracle.apps.xbol.tm.InvoiceAs.server.PrincipalAsVOImpl"
   FetchMode="FETCH_AS_NEEDED"
   UseGlueCode="false" >
   <Properties>
      <Property Name ="VO_ATTR.DetailVO.VO_DATATYPE" Value ="String" />
      <Property Name ="VO_ATTR.DetailVO.VO_QUALIFIED_NAME" Value ="String" />
   </Properties>
   <DesignTime>
      <Attr Name="_isCodegen" Value="true" />
      <Attr Name="_version" Value="10.1.3.41.57" />
      <Attr Name="_codeGenFlag2" Value="Access|Coll|VarAccess" />
   </DesignTime>
   <EntityUsage
      Name="PrincipalAsEO"
      Entity="xxgam.oracle.apps.xbol.tm.InvoiceAs.schema.server.PrincipalAsEO" >
      <DesignTime>
         <Attr Name="_queryClause" Value="false" />
      </DesignTime>
   </EntityUsage>
   <ViewAttribute
      Name="ArrivalDate"
      EntityAttrName="ArrivalDate"
      EntityUsage="PrincipalAsEO"
      AliasName="ARRIVAL_DATE" >
   </ViewAttribute>
   <ViewAttribute
      Name="ArrivalTime"
      EntityAttrName="ArrivalTime"
      EntityUsage="PrincipalAsEO"
      AliasName="ARRIVAL_TIME" >
   </ViewAttribute>
   <ViewAttribute
      Name="Attribute1"
      EntityAttrName="Attribute1"
      EntityUsage="PrincipalAsEO"
      AliasName="ATTRIBUTE1" >
   </ViewAttribute>
   <ViewAttribute
      Name="Attribute10"
      EntityAttrName="Attribute10"
      EntityUsage="PrincipalAsEO"
      AliasName="ATTRIBUTE10" >
   </ViewAttribute>
   <ViewAttribute
      Name="Attribute2"
      EntityAttrName="Attribute2"
      EntityUsage="PrincipalAsEO"
      AliasName="ATTRIBUTE2" >
   </ViewAttribute>
   <ViewAttribute
      Name="Attribute3"
      EntityAttrName="Attribute3"
      EntityUsage="PrincipalAsEO"
      AliasName="ATTRIBUTE3" >
   </ViewAttribute>
   <ViewAttribute
      Name="Attribute4"
      EntityAttrName="Attribute4"
      EntityUsage="PrincipalAsEO"
      AliasName="ATTRIBUTE4" >
   </ViewAttribute>
   <ViewAttribute
      Name="Attribute5"
      EntityAttrName="Attribute5"
      EntityUsage="PrincipalAsEO"
      AliasName="ATTRIBUTE5" >
   </ViewAttribute>
   <ViewAttribute
      Name="Attribute6"
      EntityAttrName="Attribute6"
      EntityUsage="PrincipalAsEO"
      AliasName="ATTRIBUTE6" >
   </ViewAttribute>
   <ViewAttribute
      Name="Attribute7"
      EntityAttrName="Attribute7"
      EntityUsage="PrincipalAsEO"
      AliasName="ATTRIBUTE7" >
   </ViewAttribute>
   <ViewAttribute
      Name="Attribute8"
      EntityAttrName="Attribute8"
      EntityUsage="PrincipalAsEO"
      AliasName="ATTRIBUTE8" >
   </ViewAttribute>
   <ViewAttribute
      Name="Attribute9"
      EntityAttrName="Attribute9"
      EntityUsage="PrincipalAsEO"
      AliasName="ATTRIBUTE9" >
   </ViewAttribute>
   <ViewAttribute
      Name="AwbBol"
      EntityAttrName="AwbBol"
      EntityUsage="PrincipalAsEO"
      AliasName="AWB_BOL" >
   </ViewAttribute>
   <ViewAttribute
      Name="Classification"
      EntityAttrName="Classification"
      EntityUsage="PrincipalAsEO"
      AliasName="CLASSIFICATION" >
   </ViewAttribute>
   <ViewAttribute
      Name="CreatedBy"
      EntityAttrName="CreatedBy"
      EntityUsage="PrincipalAsEO"
      AliasName="CREATED_BY" >
   </ViewAttribute>
   <ViewAttribute
      Name="CreationDate"
      EntityAttrName="CreationDate"
      EntityUsage="PrincipalAsEO"
      AliasName="CREATION_DATE" >
   </ViewAttribute>
   <ViewAttribute
      Name="Destination"
      EntityAttrName="Destination"
      EntityUsage="PrincipalAsEO"
      AliasName="DESTINATION" >
   </ViewAttribute>
   <ViewAttribute
      Name="Distribution"
      EntityAttrName="Distribution"
      EntityUsage="PrincipalAsEO"
      AliasName="DISTRIBUTION" >
   </ViewAttribute>
   <ViewAttribute
      Name="DistributionCode"
      EntityAttrName="DistributionCode"
      EntityUsage="PrincipalAsEO"
      AliasName="DISTRIBUTION_CODE" >
   </ViewAttribute>
   <ViewAttribute
      Name="Document1"
      EntityAttrName="Document1"
      EntityUsage="PrincipalAsEO"
      AliasName="DOCUMENT1" >
   </ViewAttribute>
   <ViewAttribute
      Name="Document2"
      EntityAttrName="Document2"
      EntityUsage="PrincipalAsEO"
      AliasName="DOCUMENT2" >
   </ViewAttribute>
   <ViewAttribute
      Name="Document3"
      EntityAttrName="Document3"
      EntityUsage="PrincipalAsEO"
      AliasName="DOCUMENT3" >
   </ViewAttribute>
   <ViewAttribute
      Name="Document4"
      EntityAttrName="Document4"
      EntityUsage="PrincipalAsEO"
      AliasName="DOCUMENT4" >
   </ViewAttribute>
   <ViewAttribute
      Name="Eta"
      EntityAttrName="Eta"
      EntityUsage="PrincipalAsEO"
      AliasName="ETA" >
   </ViewAttribute>
   <ViewAttribute
      Name="EtaHour"
      EntityAttrName="EtaHour"
      EntityUsage="PrincipalAsEO"
      AliasName="ETA_HOUR" >
   </ViewAttribute>
   <ViewAttribute
      Name="Etd"
      EntityAttrName="Etd"
      EntityUsage="PrincipalAsEO"
      AliasName="ETD" >
   </ViewAttribute>
   <ViewAttribute
      Name="EtdHour"
      EntityAttrName="EtdHour"
      EntityUsage="PrincipalAsEO"
      AliasName="ETD_HOUR" >
   </ViewAttribute>
   <ViewAttribute
      Name="Flight"
      EntityAttrName="Flight"
      EntityUsage="PrincipalAsEO"
      AliasName="FLIGHT" >
   </ViewAttribute>
   <ViewAttribute
      Name="FreightJob"
      EntityAttrName="FreightJob"
      EntityUsage="PrincipalAsEO"
      AliasName="FREIGHT_JOB" >
   </ViewAttribute>
   <ViewAttribute
      Name="IdClassification"
      EntityAttrName="IdClassification"
      EntityUsage="PrincipalAsEO"
      AliasName="ID_CLASSIFICATION" >
   </ViewAttribute>
   <ViewAttribute
      Name="IdDestination"
      EntityAttrName="IdDestination"
      EntityUsage="PrincipalAsEO"
      AliasName="ID_DESTINATION" >
   </ViewAttribute>
   <ViewAttribute
      Name="IdDistribution"
      EntityAttrName="IdDistribution"
      EntityUsage="PrincipalAsEO"
      AliasName="ID_DISTRIBUTION" >
   </ViewAttribute>
   <ViewAttribute
      Name="IdFolio"
      EntityAttrName="IdFolio"
      EntityUsage="PrincipalAsEO"
      AliasName="ID_FOLIO" >
   </ViewAttribute>
   <ViewAttribute
      Name="IdFreight"
      IsNotNull="true"
      EntityAttrName="IdFreight"
      EntityUsage="PrincipalAsEO"
      AliasName="ID_FREIGHT" >
   </ViewAttribute>
   <ViewAttribute
      Name="IdFreightChar"
      EntityAttrName="IdFreightChar"
      EntityUsage="PrincipalAsEO"
      AliasName="ID_FREIGHT_CHAR" >
   </ViewAttribute>
   <ViewAttribute
      Name="IdMedia"
      EntityAttrName="IdMedia"
      EntityUsage="PrincipalAsEO"
      AliasName="ID_MEDIA" >
   </ViewAttribute>
   <ViewAttribute
      Name="IdMode"
      EntityAttrName="IdMode"
      EntityUsage="PrincipalAsEO"
      AliasName="ID_MODE" >
   </ViewAttribute>
   <ViewAttribute
      Name="IdOrigin"
      EntityAttrName="IdOrigin"
      EntityUsage="PrincipalAsEO"
      AliasName="ID_ORIGIN" >
   </ViewAttribute>
   <ViewAttribute
      Name="IdProvider"
      EntityAttrName="IdProvider"
      EntityUsage="PrincipalAsEO"
      AliasName="ID_PROVIDER" >
   </ViewAttribute>
   <ViewAttribute
      Name="IdRequest"
      EntityAttrName="IdRequest"
      EntityUsage="PrincipalAsEO"
      AliasName="ID_REQUEST" >
   </ViewAttribute>
   <ViewAttribute
      Name="IdStatus"
      EntityAttrName="IdStatus"
      EntityUsage="PrincipalAsEO"
      AliasName="ID_STATUS" >
   </ViewAttribute>
   <ViewAttribute
      Name="IdStretch"
      EntityAttrName="IdStretch"
      EntityUsage="PrincipalAsEO"
      AliasName="ID_STRETCH" >
   </ViewAttribute>
   <ViewAttribute
      Name="IdZone"
      EntityAttrName="IdZone"
      EntityUsage="PrincipalAsEO"
      AliasName="ID_ZONE" >
   </ViewAttribute>
   <ViewAttribute
      Name="InvoiceStatus"
      EntityAttrName="InvoiceStatus"
      EntityUsage="PrincipalAsEO"
      AliasName="INVOICE_STATUS" >
   </ViewAttribute>
   <ViewAttribute
      Name="LastUpdatedBy"
      EntityAttrName="LastUpdatedBy"
      EntityUsage="PrincipalAsEO"
      AliasName="LAST_UPDATED_BY" >
   </ViewAttribute>
   <ViewAttribute
      Name="LastUpdateDate"
      EntityAttrName="LastUpdateDate"
      EntityUsage="PrincipalAsEO"
      AliasName="LAST_UPDATE_DATE" >
   </ViewAttribute>
   <ViewAttribute
      Name="LastUpdateLogin"
      EntityAttrName="LastUpdateLogin"
      EntityUsage="PrincipalAsEO"
      AliasName="LAST_UPDATE_LOGIN" >
   </ViewAttribute>
   <ViewAttribute
      Name="Media"
      EntityAttrName="Media"
      EntityUsage="PrincipalAsEO"
      AliasName="MEDIA" >
   </ViewAttribute>
   <ViewAttribute
      Name="ModeCode"
      EntityAttrName="ModeCode"
      EntityUsage="PrincipalAsEO"
      AliasName="MODE_CODE" >
   </ViewAttribute>
   <ViewAttribute
      Name="ModeDesc"
      EntityAttrName="ModeDesc"
      EntityUsage="PrincipalAsEO"
      AliasName="MODE_DESC" >
   </ViewAttribute>
   <ViewAttribute
      Name="MultipleDeliveriesFlag"
      EntityAttrName="MultipleDeliveriesFlag"
      EntityUsage="PrincipalAsEO"
      AliasName="MULTIPLE_DELIVERIES_FLAG" >
   </ViewAttribute>
   <ViewAttribute
      Name="NumDeliveries"
      EntityAttrName="NumDeliveries"
      EntityUsage="PrincipalAsEO"
      AliasName="NUM_DELIVERIES" >
   </ViewAttribute>
   <ViewAttribute
      Name="Origin"
      EntityAttrName="Origin"
      EntityUsage="PrincipalAsEO"
      AliasName="ORIGIN" >
   </ViewAttribute>
   <ViewAttribute
      Name="Pediment"
      EntityAttrName="Pediment"
      EntityUsage="PrincipalAsEO"
      AliasName="PEDIMENT" >
   </ViewAttribute>
   <ViewAttribute
      Name="Provider"
      EntityAttrName="Provider"
      EntityUsage="PrincipalAsEO"
      AliasName="PROVIDER" >
   </ViewAttribute>
   <ViewAttribute
      Name="RowID"
      IsUpdateable="false"
      EntityAttrName="RowID"
      EntityUsage="PrincipalAsEO"
      AliasName="ROWID" >
   </ViewAttribute>
   <ViewAttribute
      Name="Status"
      EntityAttrName="Status"
      EntityUsage="PrincipalAsEO"
      AliasName="STATUS" >
   </ViewAttribute>
   <ViewAttribute
      Name="UseRate"
      EntityAttrName="UseRate"
      EntityUsage="PrincipalAsEO"
      AliasName="USE_RATE" >
   </ViewAttribute>
   <ViewAttribute
      Name="ZoneDesc"
      EntityAttrName="ZoneDesc"
      EntityUsage="PrincipalAsEO"
      AliasName="ZONE_DESC" >
   </ViewAttribute>
   <ViewAttribute
      Name="DetailFlag"
      IsUpdateable="false"
      IsSelected="false"
      IsPersistent="false"
      Type="java.lang.Boolean"
      ColumnType="NUMBER"
      AliasName="VIEW_ATTR"
      SQLType="BIT" >
   </ViewAttribute>
   <ViewLinkAccessor
      Name="DetailVO"
      ViewLink="xxgam.oracle.apps.xbol.tm.InvoiceAs.server.MasterDetailVL"
      Type="oracle.jbo.RowIterator"
      IsUpdateable="false" >
   </ViewLinkAccessor>
</ViewObject>
