<?xml version = '1.0' encoding = 'UTF-8'?>
<oa:listOfValues version="10.1.3_1312" xml:lang="en-US" xmlns:oa="http://xmlns.oracle.com/oa" xmlns:jrad="http://xmlns.oracle.com/jrad" xmlns:ui="http://xmlns.oracle.com/uix/ui" xmlns:user="http://xmlns.oracle.com/jrad/user" xmlns="http://xmlns.oracle.com/jrad" file-version="$Header$" scope="/" amDefName="xxgam.oracle.apps.xbol.tm.lov.server.LovAM">
   <ui:contents>
      <oa:table name="OriDestRG" id="OriDest">
         <ui:contents>
            <oa:messageStyledText id="Code" dataType="VARCHAR2" prompt="Código" viewName="OriDestVO1" viewAttr="Code" maximumLength="255" queryable="true"/>
            <oa:messageStyledText id="Description" dataType="VARCHAR2" prompt="Ubicación" viewName="OriDestVO1" viewAttr="Description" maximumLength="255" queryable="true"/>
            <oa:messageStyledText id="StateCode" dataType="VARCHAR2" prompt="Código de estado" viewName="OriDestVO1" viewAttr="StateCode" maximumLength="255"/>
            <oa:messageStyledText id="StateDescription" dataType="VARCHAR2" prompt="Estado" viewName="OriDestVO1" viewAttr="StateDescription" maximumLength="255"/>
            <oa:messageStyledText id="CountryCode" dataType="VARCHAR2" prompt="Código de país" viewName="OriDestVO1" viewAttr="CountryCode" maximumLength="255"/>
            <oa:messageStyledText id="CountryDescription" dataType="VARCHAR2" prompt="País" viewName="OriDestVO1" viewAttr="CountryDescription" maximumLength="255"/>
         </ui:contents>
      </oa:table>
   </ui:contents>
</oa:listOfValues>
