<?xml version = '1.0' encoding = 'UTF-8'?>
<oa:listOfValues version="10.1.3_3_GENERIC_160317" xml:lang="en-US" xmlns:oa="http://xmlns.oracle.com/oa" xmlns:jrad="http://xmlns.oracle.com/jrad" xmlns:ui="http://xmlns.oracle.com/uix/ui" xmlns:user="http://xmlns.oracle.com/jrad/user" xmlns="http://xmlns.oracle.com/jrad" file-version="$Header$" scope="/" amDefName="xxgam.oracle.apps.xbol.tm.lov.server.LovAM">
   <ui:contents>
      <oa:table name="AreaUserRN" id="AreaUserVO1" amDefName="xxgam.oracle.apps.xbol.tm.lov.server.LovAM">
         <ui:contents>
            <oa:messageStyledText id="IdAreaUser" dataType="NUMBER" prompt="IdAreaUser" viewName="AreaUserVO1" viewAttr="IdAreaUser" queryable="true"/>
            <oa:messageStyledText id="Code" dataType="VARCHAR2" prompt="Code" viewName="AreaUserVO1" viewAttr="Code" maximumLength="255" queryable="true"/>
            <oa:messageStyledText id="NameAt" dataType="VARCHAR2" prompt="Name" viewName="AreaUserVO1" viewAttr="Name" maximumLength="255" queryable="true"/>
            <oa:messageStyledText id="Area" dataType="VARCHAR2" prompt="Area" viewName="AreaUserVO1" viewAttr="Area" maximumLength="255" queryable="true"/>
            <oa:messageStyledText id="Organization" dataType="VARCHAR2" prompt="Organization" viewName="AreaUserVO1" viewAttr="Organization" maximumLength="255" queryable="true"/>
         </ui:contents>
      </oa:table>
   </ui:contents>
</oa:listOfValues>
