<?xml version = '1.0' encoding = 'UTF-8'?>
<oa:listOfValues version="10.1.3_1312" xml:lang="en-US" xmlns:oa="http://xmlns.oracle.com/oa" xmlns:jrad="http://xmlns.oracle.com/jrad" xmlns:ui="http://xmlns.oracle.com/uix/ui" xmlns:user="http://xmlns.oracle.com/jrad/user" xmlns="http://xmlns.oracle.com/jrad" file-version="$Header$" scope="/" amDefName="xxgam.oracle.apps.xbol.tm.lov.server.LovAM">
   <ui:contents>
      <oa:table name="ZonesRN" id="ZonesVO1">
         <ui:contents>
            <oa:messageStyledText id="ZoneId" dataType="NUMBER" prompt="ZoneId" viewName="ZonesVO1" viewAttr="ZoneId" queryable="false" rendered="false"/>
            <oa:messageStyledText id="Code" dataType="VARCHAR2" prompt="Código" viewName="ZonesVO1" viewAttr="Code" maximumLength="255" queryable="true"/>
            <oa:messageStyledText id="Description" dataType="VARCHAR2" prompt="Descripción" viewName="ZonesVO1" viewAttr="Description" maximumLength="1000" queryable="true"/>
            <oa:messageStyledText id="DateFrom" dataType="DATE" prompt="DateFrom" viewName="ZonesVO1" viewAttr="DateFrom" rendered="false"/>
            <oa:messageStyledText id="DateTo" dataType="DATE" prompt="DateTo" viewName="ZonesVO1" viewAttr="DateTo" rendered="false"/>
         </ui:contents>
      </oa:table>
   </ui:contents>
</oa:listOfValues>
