<?xml version='1.0' encoding='windows-1252' ?>
<!DOCTYPE Association SYSTEM "jbo_03_01.dtd">

<Association
   Name="FkXxgamTmMaterialDtAssoc" >
   <DesignTime>
      <Attr Name="_isCodegen" Value="true" />
      <Attr Name="_version" Value="10.1.3.43.6" />
   </DesignTime>
   <AssociationEnd
      Name="MaterialMEO"
      Cardinality="1"
      Source="true"
      Owner="xxgam.oracle.apps.xbol.tm.freight.schema.MaterialMEO" >
      <AttrArray Name="Attributes">
         <Item Value="xxgam.oracle.apps.xbol.tm.freight.schema.MaterialMEO.IdRequest" />
         <Item Value="xxgam.oracle.apps.xbol.tm.freight.schema.MaterialMEO.IdMaterial" />
      </AttrArray>
      <DesignTime>
         <Attr Name="_finderName" Value="MaterialMEO" />
         <Attr Name="_aggregation" Value="0" />
         <Attr Name="_foreignKey" Value="xxgam.oracle.apps.xbol.tm.freight.schema.MaterialMEO.PkXxgamTmMaterialMt" />
         <Attr Name="_minCardinality" Value="1" />
         <Attr Name="_isUpdateable" Value="true" />
      </DesignTime>
   </AssociationEnd>
   <AssociationEnd
      Name="MaterialDEO"
      Cardinality="1"
      Owner="xxgam.oracle.apps.xbol.tm.freight.schema.MaterialDEO" >
      <AttrArray Name="Attributes">
         <Item Value="xxgam.oracle.apps.xbol.tm.freight.schema.MaterialDEO.IdRequest" />
         <Item Value="xxgam.oracle.apps.xbol.tm.freight.schema.MaterialDEO.IdMaterial" />
      </AttrArray>
      <DesignTime>
         <Attr Name="_finderName" Value="MaterialDEO" />
         <Attr Name="_aggregation" Value="0" />
         <Attr Name="_foreignKey" Value="xxgam.oracle.apps.xbol.tm.freight.schema.MaterialDEO.FkXxgamTmMaterialDt" />
         <Attr Name="_isUpdateable" Value="true" />
      </DesignTime>
   </AssociationEnd>
</Association>
