<?xml version = '1.0' encoding = 'UTF-8'?>
<page xmlns:jrad="http://xmlns.oracle.com/jrad" xmlns:oa="http://xmlns.oracle.com/oa" xmlns:ui="http://xmlns.oracle.com/uix/ui" version="10.1.3_1312" xml:lang="en-US" xmlns:user="http://xmlns.oracle.com/jrad/user" xmlns="http://xmlns.oracle.com/jrad" file-version="$Header$">
   <content>
      <oa:pageLayout id="PageLayoutRN" scope="/" amDefName="xxgam.oracle.apps.xbol.tm.InvoiceAs.server.InvoiceAsAM" windowTitle="Asociación de facturas" title="Asociación de facturas" controllerClass="xxgam.oracle.apps.xbol.tm.InvoiceAs.webui.InvoiceAsCO">
         <ui:corporateBranding>
            <oa:image id="corporateBrandingImage" source="/OA_MEDIA/FNDSSCORP.gif"/>
         </ui:corporateBranding>
         <ui:contents>
            <oa:messageComponentLayout id="SearchRN">
               <ui:contents>
                  <oa:messageLovInput id="ProviderN" prompt="Número de proveedor" externalListOfValues="/xxgam/oracle/apps/xbol/tm/lov/webui/PrividersRN">
                     <lovMappings>
                        <lovMap id="ProviderN1MAP" lovItem="Code" resultTo="ProviderN" criteriaFrom="ProviderN"/>
                        <lovMap id="Provider1MAP" lovItem="Description" resultTo="Provider" criteriaFrom="Provider"/>
                     </lovMappings>
                  </oa:messageLovInput>
                  <oa:messageLovInput id="Provider" externalListOfValues="/xxgam/oracle/apps/xbol/tm/lov/webui/PrividersRN" prompt="Proveedor">
                     <lovMappings>
                        <lovMap id="ProviderN2MAP" lovItem="Code" resultTo="ProviderN" criteriaFrom="ProviderN"/>
                        <lovMap id="Provider2MAP" lovItem="Description" resultTo="Provider" criteriaFrom="Provider"/>
                     </lovMappings>
                  </oa:messageLovInput>
                  <oa:messageChoice id="currency" pickListValAttr="Currency" prompt="Moneda" queryable="true" pickListViewDef="xxgam.oracle.apps.xbol.tm.poplist.server.CurrencyVO" pickListViewName="Currency" pickListDispAttr="Currency"/>
               </ui:contents>
            </oa:messageComponentLayout>
            <oa:spacer id="item1" height="5"/>
            <oa:messageComponentLayout id="InvoiceRN">
               <ui:contents>
                  <oa:messageTextInput id="Invoice" prompt="Factura"/>
               </ui:contents>
            </oa:messageComponentLayout>
            <oa:spacer id="spacerIT" height="5"/>
            <oa:pageButtonBar id="region2">
               <ui:contents>
                  <oa:submitButton id="Go" text="Buscar" prompt="Buscar"/>
                  <oa:submitButton id="Conciliar" text="Conciliar" prompt="Conciliar"/>
               </ui:contents>
            </oa:pageButtonBar>
            <oa:advancedTable id="MasterTable" viewName="MasterFreightVO1" detailViewAttr="DetailFlag" viewLinkName="MasterExtraVL1" width="100%" text="Master detail Factura" childViewAttrName="IdFreightChar">
               <ui:contents>
                  <oa:column id="column1">
                     <ui:columnHeader/>
                     <ui:contents>
                        <oa:messageStyledText id="Flete" viewAttr="IdFreightChar" prompt="Flete" maximumLength="200"/>
                     </ui:contents>
                  </oa:column>
                  <oa:column id="column2">
                     <ui:columnHeader/>
                     <ui:contents>
                        <oa:messageTextInput id="item3" viewAttr="ModeDesc" prompt="Modo de transporte"/>
                     </ui:contents>
                  </oa:column>
               </ui:contents>
               <ui:detail>
                  <oa:header id="DetalExtra">
                     <ui:contents>
                        <oa:advancedTable id="DetailTableRN" viewLinkName="MasterExtraVL1" width="100%" viewName="ExtraCostVO2">
                           <ui:contents>
                              <oa:column id="column3">
                                 <ui:columnHeader/>
                                 <ui:contents>
                                    <oa:messageStyledText id="item4" viewName="ExtraCostVO2" viewAttr="IdFreightChar" prompt="Freight char"/>
                                 </ui:contents>
                              </oa:column>
                           </ui:contents>
                        </oa:advancedTable>
                     </ui:contents>
                  </oa:header>
               </ui:detail>
            </oa:advancedTable>
         </ui:contents>
      </oa:pageLayout>
   </content>
</page>
