<?xml version='1.0' encoding='windows-1252' ?>
<!DOCTYPE ViewObject SYSTEM "jbo_03_01.dtd">

<ViewObject
   Name="CostVO"
   BindingStyle="OracleName"
   CustomQuery="true"
   RowClass="xxgam.oracle.apps.xbol.tm.InvoiceAs.server.CostVORowImpl"
   ComponentClass="xxgam.oracle.apps.xbol.tm.InvoiceAs.server.CostVOImpl"
   UseGlueCode="false" >
   <SQLQuery><![CDATA[
SELECT 
  XT.ID_FREIGHT_CHAR
, XT.COST_FREIGHT
, XT.COST_ADD
, XT.COST_TAXES_ADD + XT.COST_TAXES_MANEUVERS + XT.COST_TAXES_FREIGHT
, XT.RETENTION_COST
 FROM XXGAM_TM_TOTALS_T XT
   ]]></SQLQuery>
   <DesignTime>
      <Attr Name="_isCodegen" Value="true" />
      <Attr Name="_isExpertMode" Value="true" />
      <Attr Name="_version" Value="10.1.3.41.57" />
      <Attr Name="_codeGenFlag2" Value="Access|Coll|VarAccess" />
   </DesignTime>
   <ViewAttribute
      Name="IdFreightChar"
      IsUpdateable="false"
      IsPersistent="false"
      Precision="255"
      Type="java.lang.String"
      ColumnType="VARCHAR2"
      AliasName="ID_FREIGHT_CHAR"
      Expression="ID_FREIGHT_CHAR"
      SQLType="VARCHAR" >
      <DesignTime>
         <Attr Name="_DisplaySize" Value="255" />
      </DesignTime>
   </ViewAttribute>
   <ViewAttribute
      Name="CostFreight"
      IsUpdateable="false"
      IsPersistent="false"
      Type="oracle.jbo.domain.Number"
      ColumnType="NUMBER"
      AliasName="COST_FREIGHT"
      Expression="COST_FREIGHT"
      SQLType="NUMERIC" >
      <DesignTime>
         <Attr Name="_DisplaySize" Value="22" />
      </DesignTime>
   </ViewAttribute>
   <ViewAttribute
      Name="CostAdd"
      IsUpdateable="false"
      IsPersistent="false"
      Type="oracle.jbo.domain.Number"
      ColumnType="NUMBER"
      AliasName="COST_ADD"
      Expression="COST_ADD"
      SQLType="NUMERIC" >
      <DesignTime>
         <Attr Name="_DisplaySize" Value="22" />
      </DesignTime>
   </ViewAttribute>
   <ViewAttribute
      Name="XtCostTaxesAddXtCostTaxesManeuversXtCostTaxesFreight"
      IsUpdateable="false"
      IsPersistent="false"
      Type="oracle.jbo.domain.Number"
      ColumnType="NUMBER"
      Expression="XT.COST_TAXES_ADD+XT.COST_TAXES_MANEUVERS+XT.COST_TAXES_FREIGHT"
      SQLType="NUMERIC" >
      <DesignTime>
         <Attr Name="_DisplaySize" Value="22" />
      </DesignTime>
   </ViewAttribute>
   <ViewAttribute
      Name="RetentionCost"
      IsUpdateable="false"
      IsPersistent="false"
      Type="oracle.jbo.domain.Number"
      ColumnType="NUMBER"
      AliasName="RETENTION_COST"
      Expression="RETENTION_COST"
      SQLType="NUMERIC" >
      <DesignTime>
         <Attr Name="_DisplaySize" Value="22" />
      </DesignTime>
   </ViewAttribute>
   <AttrArray Name="KeyAttributes">
      <Item Value="IdFreightChar" />
   </AttrArray>
</ViewObject>
