<?xml version='1.0' encoding='windows-1252' ?>
<!DOCTYPE ViewObject SYSTEM "jbo_03_01.dtd">

<ViewObject
   Name="MasterFreightVO"
   SelectList="MasterFreightEO.ID_FREIGHT_CHAR, 
       MasterFreightEO.MODE_DESC, 
       MasterFreightEO.ID_FOLIO, 
       MasterFreightEO.ID_STRETCH, 
       MasterFreightEO.INVOICE_STATUS, 
       MasterFreightEO.ARRIVAL_DATE, 
       MasterFreightEO.ARRIVAL_TIME, 
       MasterFreightEO.ATTRIBUTE1, 
       MasterFreightEO.ATTRIBUTE10, 
       MasterFreightEO.ATTRIBUTE2, 
       MasterFreightEO.ATTRIBUTE3, 
       MasterFreightEO.ATTRIBUTE4, 
       MasterFreightEO.ATTRIBUTE5, 
       MasterFreightEO.ATTRIBUTE6, 
       MasterFreightEO.ATTRIBUTE7, 
       MasterFreightEO.ATTRIBUTE8, 
       MasterFreightEO.ATTRIBUTE9, 
       MasterFreightEO.AWB_BOL, 
       MasterFreightEO.CLASSIFICATION, 
       MasterFreightEO.CREATED_BY, 
       MasterFreightEO.CREATION_DATE, 
       MasterFreightEO.DESTINATION, 
       MasterFreightEO.DISTRIBUTION, 
       MasterFreightEO.DISTRIBUTION_CODE, 
       MasterFreightEO.DOCUMENT1, 
       MasterFreightEO.DOCUMENT2, 
       MasterFreightEO.DOCUMENT3, 
       MasterFreightEO.DOCUMENT4, 
       MasterFreightEO.ETA, 
       MasterFreightEO.ETA_HOUR, 
       MasterFreightEO.ETD, 
       MasterFreightEO.ETD_HOUR, 
       MasterFreightEO.FLIGHT, 
       MasterFreightEO.FREIGHT_JOB, 
       MasterFreightEO.ID_CLASSIFICATION, 
       MasterFreightEO.ID_DESTINATION, 
       MasterFreightEO.ID_DISTRIBUTION, 
       MasterFreightEO.ID_FREIGHT, 
       MasterFreightEO.ID_MEDIA, 
       MasterFreightEO.ID_MODE, 
       MasterFreightEO.ID_ORIGIN, 
       MasterFreightEO.ID_PROVIDER, 
       MasterFreightEO.ID_REQUEST, 
       MasterFreightEO.ID_STATUS, 
       MasterFreightEO.ID_ZONE, 
       MasterFreightEO.LAST_UPDATED_BY, 
       MasterFreightEO.LAST_UPDATE_DATE, 
       MasterFreightEO.LAST_UPDATE_LOGIN, 
       MasterFreightEO.MEDIA, 
       MasterFreightEO.MODE_CODE, 
       MasterFreightEO.MULTIPLE_DELIVERIES_FLAG, 
       MasterFreightEO.NUM_DELIVERIES, 
       MasterFreightEO.ORIGIN, 
       MasterFreightEO.PEDIMENT, 
       MasterFreightEO.PRIORITY, 
       MasterFreightEO.PRIORITY_CODE, 
       MasterFreightEO.PROVIDER, 
       MasterFreightEO.STATUS, 
       MasterFreightEO.USE_RATE, 
       MasterFreightEO.ZONE_DESC"
   FromList="XXGAM_TM_FREIGHT_INFO_T MasterFreightEO"
   BindingStyle="OracleName"
   CustomQuery="false"
   RowClass="xxgam.oracle.apps.xbol.tm.InvoiceAs.server.MasterFreightVORowImpl"
   ComponentClass="xxgam.oracle.apps.xbol.tm.InvoiceAs.server.MasterFreightVOImpl"
   UseGlueCode="false" >
   <Properties>
      <Property Name ="VO_ATTR.ExtraCostVO.VO_DATATYPE" Value ="String" />
      <Property Name ="VO_ATTR.ExtraCostVO.VO_QUALIFIED_NAME" Value ="String" />
   </Properties>
   <DesignTime>
      <Attr Name="_isCodegen" Value="true" />
      <Attr Name="_version" Value="10.1.3.41.57" />
      <Attr Name="_codeGenFlag2" Value="Access|Coll|VarAccess" />
   </DesignTime>
   <EntityUsage
      Name="MasterFreightEO"
      Entity="xxgam.oracle.apps.xbol.tm.InvoiceAs.server.MasterFreightEO" >
      <DesignTime>
         <Attr Name="_queryClause" Value="false" />
      </DesignTime>
   </EntityUsage>
   <ViewAttribute
      Name="IdFreightChar"
      EntityAttrName="IdFreightChar"
      EntityUsage="MasterFreightEO"
      AliasName="ID_FREIGHT_CHAR" >
      <Properties>
         <Property Name ="CRAWL_VISIBILITY_LEVEL" Value ="GLOBAL" />
      </Properties>
   </ViewAttribute>
   <ViewAttribute
      Name="ModeDesc"
      EntityAttrName="ModeDesc"
      EntityUsage="MasterFreightEO"
      AliasName="MODE_DESC" >
      <Properties>
         <Property Name ="CRAWL_VISIBILITY_LEVEL" Value ="GLOBAL" />
      </Properties>
   </ViewAttribute>
   <ViewAttribute
      Name="IdFolio"
      EntityAttrName="IdFolio"
      EntityUsage="MasterFreightEO"
      AliasName="ID_FOLIO" >
      <Properties>
         <Property Name ="CRAWL_VISIBILITY_LEVEL" Value ="GLOBAL" />
      </Properties>
   </ViewAttribute>
   <ViewAttribute
      Name="IdStretch"
      EntityAttrName="IdStretch"
      EntityUsage="MasterFreightEO"
      AliasName="ID_STRETCH" >
      <Properties>
         <Property Name ="CRAWL_VISIBILITY_LEVEL" Value ="GLOBAL" />
      </Properties>
   </ViewAttribute>
   <ViewAttribute
      Name="InvoiceStatus"
      EntityAttrName="InvoiceStatus"
      EntityUsage="MasterFreightEO"
      AliasName="INVOICE_STATUS" >
      <Properties>
         <Property Name ="CRAWL_VISIBILITY_LEVEL" Value ="GLOBAL" />
      </Properties>
   </ViewAttribute>
   <ViewAttribute
      Name="ArrivalDate"
      EntityAttrName="ArrivalDate"
      EntityUsage="MasterFreightEO"
      AliasName="ARRIVAL_DATE" >
      <Properties>
         <Property Name ="CRAWL_VISIBILITY_LEVEL" Value ="GLOBAL" />
      </Properties>
   </ViewAttribute>
   <ViewAttribute
      Name="ArrivalTime"
      EntityAttrName="ArrivalTime"
      EntityUsage="MasterFreightEO"
      AliasName="ARRIVAL_TIME" >
      <Properties>
         <Property Name ="CRAWL_VISIBILITY_LEVEL" Value ="GLOBAL" />
      </Properties>
   </ViewAttribute>
   <ViewAttribute
      Name="Attribute1"
      EntityAttrName="Attribute1"
      EntityUsage="MasterFreightEO"
      AliasName="ATTRIBUTE1" >
      <Properties>
         <Property Name ="CRAWL_VISIBILITY_LEVEL" Value ="GLOBAL" />
      </Properties>
   </ViewAttribute>
   <ViewAttribute
      Name="Attribute10"
      EntityAttrName="Attribute10"
      EntityUsage="MasterFreightEO"
      AliasName="ATTRIBUTE10" >
      <Properties>
         <Property Name ="CRAWL_VISIBILITY_LEVEL" Value ="GLOBAL" />
      </Properties>
   </ViewAttribute>
   <ViewAttribute
      Name="Attribute2"
      EntityAttrName="Attribute2"
      EntityUsage="MasterFreightEO"
      AliasName="ATTRIBUTE2" >
      <Properties>
         <Property Name ="CRAWL_VISIBILITY_LEVEL" Value ="GLOBAL" />
      </Properties>
   </ViewAttribute>
   <ViewAttribute
      Name="Attribute3"
      EntityAttrName="Attribute3"
      EntityUsage="MasterFreightEO"
      AliasName="ATTRIBUTE3" >
      <Properties>
         <Property Name ="CRAWL_VISIBILITY_LEVEL" Value ="GLOBAL" />
      </Properties>
   </ViewAttribute>
   <ViewAttribute
      Name="Attribute4"
      EntityAttrName="Attribute4"
      EntityUsage="MasterFreightEO"
      AliasName="ATTRIBUTE4" >
      <Properties>
         <Property Name ="CRAWL_VISIBILITY_LEVEL" Value ="GLOBAL" />
      </Properties>
   </ViewAttribute>
   <ViewAttribute
      Name="Attribute5"
      EntityAttrName="Attribute5"
      EntityUsage="MasterFreightEO"
      AliasName="ATTRIBUTE5" >
      <Properties>
         <Property Name ="CRAWL_VISIBILITY_LEVEL" Value ="GLOBAL" />
      </Properties>
   </ViewAttribute>
   <ViewAttribute
      Name="Attribute6"
      EntityAttrName="Attribute6"
      EntityUsage="MasterFreightEO"
      AliasName="ATTRIBUTE6" >
      <Properties>
         <Property Name ="CRAWL_VISIBILITY_LEVEL" Value ="GLOBAL" />
      </Properties>
   </ViewAttribute>
   <ViewAttribute
      Name="Attribute7"
      EntityAttrName="Attribute7"
      EntityUsage="MasterFreightEO"
      AliasName="ATTRIBUTE7" >
      <Properties>
         <Property Name ="CRAWL_VISIBILITY_LEVEL" Value ="GLOBAL" />
      </Properties>
   </ViewAttribute>
   <ViewAttribute
      Name="Attribute8"
      EntityAttrName="Attribute8"
      EntityUsage="MasterFreightEO"
      AliasName="ATTRIBUTE8" >
      <Properties>
         <Property Name ="CRAWL_VISIBILITY_LEVEL" Value ="GLOBAL" />
      </Properties>
   </ViewAttribute>
   <ViewAttribute
      Name="Attribute9"
      EntityAttrName="Attribute9"
      EntityUsage="MasterFreightEO"
      AliasName="ATTRIBUTE9" >
      <Properties>
         <Property Name ="CRAWL_VISIBILITY_LEVEL" Value ="GLOBAL" />
      </Properties>
   </ViewAttribute>
   <ViewAttribute
      Name="AwbBol"
      EntityAttrName="AwbBol"
      EntityUsage="MasterFreightEO"
      AliasName="AWB_BOL" >
      <Properties>
         <Property Name ="CRAWL_VISIBILITY_LEVEL" Value ="GLOBAL" />
      </Properties>
   </ViewAttribute>
   <ViewAttribute
      Name="Classification"
      EntityAttrName="Classification"
      EntityUsage="MasterFreightEO"
      AliasName="CLASSIFICATION" >
      <Properties>
         <Property Name ="CRAWL_VISIBILITY_LEVEL" Value ="GLOBAL" />
      </Properties>
   </ViewAttribute>
   <ViewAttribute
      Name="CreatedBy"
      EntityAttrName="CreatedBy"
      EntityUsage="MasterFreightEO"
      AliasName="CREATED_BY" >
      <Properties>
         <Property Name ="CRAWL_VISIBILITY_LEVEL" Value ="GLOBAL" />
      </Properties>
   </ViewAttribute>
   <ViewAttribute
      Name="CreationDate"
      EntityAttrName="CreationDate"
      EntityUsage="MasterFreightEO"
      AliasName="CREATION_DATE" >
      <Properties>
         <Property Name ="CRAWL_VISIBILITY_LEVEL" Value ="GLOBAL" />
      </Properties>
   </ViewAttribute>
   <ViewAttribute
      Name="Destination"
      EntityAttrName="Destination"
      EntityUsage="MasterFreightEO"
      AliasName="DESTINATION" >
      <Properties>
         <Property Name ="CRAWL_VISIBILITY_LEVEL" Value ="GLOBAL" />
      </Properties>
   </ViewAttribute>
   <ViewAttribute
      Name="Distribution"
      EntityAttrName="Distribution"
      EntityUsage="MasterFreightEO"
      AliasName="DISTRIBUTION" >
      <Properties>
         <Property Name ="CRAWL_VISIBILITY_LEVEL" Value ="GLOBAL" />
      </Properties>
   </ViewAttribute>
   <ViewAttribute
      Name="DistributionCode"
      EntityAttrName="DistributionCode"
      EntityUsage="MasterFreightEO"
      AliasName="DISTRIBUTION_CODE" >
      <Properties>
         <Property Name ="CRAWL_VISIBILITY_LEVEL" Value ="GLOBAL" />
      </Properties>
   </ViewAttribute>
   <ViewAttribute
      Name="Document1"
      EntityAttrName="Document1"
      EntityUsage="MasterFreightEO"
      AliasName="DOCUMENT1" >
      <Properties>
         <Property Name ="CRAWL_VISIBILITY_LEVEL" Value ="GLOBAL" />
      </Properties>
   </ViewAttribute>
   <ViewAttribute
      Name="Document2"
      EntityAttrName="Document2"
      EntityUsage="MasterFreightEO"
      AliasName="DOCUMENT2" >
      <Properties>
         <Property Name ="CRAWL_VISIBILITY_LEVEL" Value ="GLOBAL" />
      </Properties>
   </ViewAttribute>
   <ViewAttribute
      Name="Document3"
      EntityAttrName="Document3"
      EntityUsage="MasterFreightEO"
      AliasName="DOCUMENT3" >
      <Properties>
         <Property Name ="CRAWL_VISIBILITY_LEVEL" Value ="GLOBAL" />
      </Properties>
   </ViewAttribute>
   <ViewAttribute
      Name="Document4"
      EntityAttrName="Document4"
      EntityUsage="MasterFreightEO"
      AliasName="DOCUMENT4" >
      <Properties>
         <Property Name ="CRAWL_VISIBILITY_LEVEL" Value ="GLOBAL" />
      </Properties>
   </ViewAttribute>
   <ViewAttribute
      Name="Eta"
      EntityAttrName="Eta"
      EntityUsage="MasterFreightEO"
      AliasName="ETA" >
      <Properties>
         <Property Name ="CRAWL_VISIBILITY_LEVEL" Value ="GLOBAL" />
      </Properties>
   </ViewAttribute>
   <ViewAttribute
      Name="EtaHour"
      EntityAttrName="EtaHour"
      EntityUsage="MasterFreightEO"
      AliasName="ETA_HOUR" >
      <Properties>
         <Property Name ="CRAWL_VISIBILITY_LEVEL" Value ="GLOBAL" />
      </Properties>
   </ViewAttribute>
   <ViewAttribute
      Name="Etd"
      EntityAttrName="Etd"
      EntityUsage="MasterFreightEO"
      AliasName="ETD" >
      <Properties>
         <Property Name ="CRAWL_VISIBILITY_LEVEL" Value ="GLOBAL" />
      </Properties>
   </ViewAttribute>
   <ViewAttribute
      Name="EtdHour"
      EntityAttrName="EtdHour"
      EntityUsage="MasterFreightEO"
      AliasName="ETD_HOUR" >
      <Properties>
         <Property Name ="CRAWL_VISIBILITY_LEVEL" Value ="GLOBAL" />
      </Properties>
   </ViewAttribute>
   <ViewAttribute
      Name="Flight"
      EntityAttrName="Flight"
      EntityUsage="MasterFreightEO"
      AliasName="FLIGHT" >
      <Properties>
         <Property Name ="CRAWL_VISIBILITY_LEVEL" Value ="GLOBAL" />
      </Properties>
   </ViewAttribute>
   <ViewAttribute
      Name="FreightJob"
      EntityAttrName="FreightJob"
      EntityUsage="MasterFreightEO"
      AliasName="FREIGHT_JOB" >
      <Properties>
         <Property Name ="CRAWL_VISIBILITY_LEVEL" Value ="GLOBAL" />
      </Properties>
   </ViewAttribute>
   <ViewAttribute
      Name="IdClassification"
      EntityAttrName="IdClassification"
      EntityUsage="MasterFreightEO"
      AliasName="ID_CLASSIFICATION" >
      <Properties>
         <Property Name ="CRAWL_VISIBILITY_LEVEL" Value ="GLOBAL" />
      </Properties>
   </ViewAttribute>
   <ViewAttribute
      Name="IdDestination"
      EntityAttrName="IdDestination"
      EntityUsage="MasterFreightEO"
      AliasName="ID_DESTINATION" >
      <Properties>
         <Property Name ="CRAWL_VISIBILITY_LEVEL" Value ="GLOBAL" />
      </Properties>
   </ViewAttribute>
   <ViewAttribute
      Name="IdDistribution"
      EntityAttrName="IdDistribution"
      EntityUsage="MasterFreightEO"
      AliasName="ID_DISTRIBUTION" >
      <Properties>
         <Property Name ="CRAWL_VISIBILITY_LEVEL" Value ="GLOBAL" />
      </Properties>
   </ViewAttribute>
   <ViewAttribute
      Name="IdFreight"
      IsNotNull="true"
      EntityAttrName="IdFreight"
      EntityUsage="MasterFreightEO"
      AliasName="ID_FREIGHT" >
      <Properties>
         <Property Name ="CRAWL_VISIBILITY_LEVEL" Value ="GLOBAL" />
      </Properties>
   </ViewAttribute>
   <ViewAttribute
      Name="IdMedia"
      EntityAttrName="IdMedia"
      EntityUsage="MasterFreightEO"
      AliasName="ID_MEDIA" >
      <Properties>
         <Property Name ="CRAWL_VISIBILITY_LEVEL" Value ="GLOBAL" />
      </Properties>
   </ViewAttribute>
   <ViewAttribute
      Name="IdMode"
      EntityAttrName="IdMode"
      EntityUsage="MasterFreightEO"
      AliasName="ID_MODE" >
      <Properties>
         <Property Name ="CRAWL_VISIBILITY_LEVEL" Value ="GLOBAL" />
      </Properties>
   </ViewAttribute>
   <ViewAttribute
      Name="IdOrigin"
      EntityAttrName="IdOrigin"
      EntityUsage="MasterFreightEO"
      AliasName="ID_ORIGIN" >
      <Properties>
         <Property Name ="CRAWL_VISIBILITY_LEVEL" Value ="GLOBAL" />
      </Properties>
   </ViewAttribute>
   <ViewAttribute
      Name="IdProvider"
      EntityAttrName="IdProvider"
      EntityUsage="MasterFreightEO"
      AliasName="ID_PROVIDER" >
      <Properties>
         <Property Name ="CRAWL_VISIBILITY_LEVEL" Value ="GLOBAL" />
      </Properties>
   </ViewAttribute>
   <ViewAttribute
      Name="IdRequest"
      EntityAttrName="IdRequest"
      EntityUsage="MasterFreightEO"
      AliasName="ID_REQUEST" >
      <Properties>
         <Property Name ="CRAWL_VISIBILITY_LEVEL" Value ="GLOBAL" />
      </Properties>
   </ViewAttribute>
   <ViewAttribute
      Name="IdStatus"
      EntityAttrName="IdStatus"
      EntityUsage="MasterFreightEO"
      AliasName="ID_STATUS" >
      <Properties>
         <Property Name ="CRAWL_VISIBILITY_LEVEL" Value ="GLOBAL" />
      </Properties>
   </ViewAttribute>
   <ViewAttribute
      Name="IdZone"
      EntityAttrName="IdZone"
      EntityUsage="MasterFreightEO"
      AliasName="ID_ZONE" >
      <Properties>
         <Property Name ="CRAWL_VISIBILITY_LEVEL" Value ="GLOBAL" />
      </Properties>
   </ViewAttribute>
   <ViewAttribute
      Name="LastUpdatedBy"
      EntityAttrName="LastUpdatedBy"
      EntityUsage="MasterFreightEO"
      AliasName="LAST_UPDATED_BY" >
      <Properties>
         <Property Name ="CRAWL_VISIBILITY_LEVEL" Value ="GLOBAL" />
      </Properties>
   </ViewAttribute>
   <ViewAttribute
      Name="LastUpdateDate"
      EntityAttrName="LastUpdateDate"
      EntityUsage="MasterFreightEO"
      AliasName="LAST_UPDATE_DATE" >
      <Properties>
         <Property Name ="CRAWL_VISIBILITY_LEVEL" Value ="GLOBAL" />
      </Properties>
   </ViewAttribute>
   <ViewAttribute
      Name="LastUpdateLogin"
      EntityAttrName="LastUpdateLogin"
      EntityUsage="MasterFreightEO"
      AliasName="LAST_UPDATE_LOGIN" >
      <Properties>
         <Property Name ="CRAWL_VISIBILITY_LEVEL" Value ="GLOBAL" />
      </Properties>
   </ViewAttribute>
   <ViewAttribute
      Name="Media"
      EntityAttrName="Media"
      EntityUsage="MasterFreightEO"
      AliasName="MEDIA" >
      <Properties>
         <Property Name ="CRAWL_VISIBILITY_LEVEL" Value ="GLOBAL" />
      </Properties>
   </ViewAttribute>
   <ViewAttribute
      Name="ModeCode"
      EntityAttrName="ModeCode"
      EntityUsage="MasterFreightEO"
      AliasName="MODE_CODE" >
      <Properties>
         <Property Name ="CRAWL_VISIBILITY_LEVEL" Value ="GLOBAL" />
      </Properties>
   </ViewAttribute>
   <ViewAttribute
      Name="MultipleDeliveriesFlag"
      EntityAttrName="MultipleDeliveriesFlag"
      EntityUsage="MasterFreightEO"
      AliasName="MULTIPLE_DELIVERIES_FLAG" >
      <Properties>
         <Property Name ="CRAWL_VISIBILITY_LEVEL" Value ="GLOBAL" />
      </Properties>
   </ViewAttribute>
   <ViewAttribute
      Name="NumDeliveries"
      EntityAttrName="NumDeliveries"
      EntityUsage="MasterFreightEO"
      AliasName="NUM_DELIVERIES" >
      <Properties>
         <Property Name ="CRAWL_VISIBILITY_LEVEL" Value ="GLOBAL" />
      </Properties>
   </ViewAttribute>
   <ViewAttribute
      Name="Origin"
      EntityAttrName="Origin"
      EntityUsage="MasterFreightEO"
      AliasName="ORIGIN" >
      <Properties>
         <Property Name ="CRAWL_VISIBILITY_LEVEL" Value ="GLOBAL" />
      </Properties>
   </ViewAttribute>
   <ViewAttribute
      Name="Pediment"
      EntityAttrName="Pediment"
      EntityUsage="MasterFreightEO"
      AliasName="PEDIMENT" >
      <Properties>
         <Property Name ="CRAWL_VISIBILITY_LEVEL" Value ="GLOBAL" />
      </Properties>
   </ViewAttribute>
   <ViewAttribute
      Name="Priority"
      EntityAttrName="Priority"
      EntityUsage="MasterFreightEO"
      AliasName="PRIORITY" >
      <Properties>
         <Property Name ="CRAWL_VISIBILITY_LEVEL" Value ="GLOBAL" />
      </Properties>
   </ViewAttribute>
   <ViewAttribute
      Name="PriorityCode"
      EntityAttrName="PriorityCode"
      EntityUsage="MasterFreightEO"
      AliasName="PRIORITY_CODE" >
      <Properties>
         <Property Name ="CRAWL_VISIBILITY_LEVEL" Value ="GLOBAL" />
      </Properties>
   </ViewAttribute>
   <ViewAttribute
      Name="Provider"
      EntityAttrName="Provider"
      EntityUsage="MasterFreightEO"
      AliasName="PROVIDER" >
      <Properties>
         <Property Name ="CRAWL_VISIBILITY_LEVEL" Value ="GLOBAL" />
      </Properties>
   </ViewAttribute>
   <ViewAttribute
      Name="Status"
      EntityAttrName="Status"
      EntityUsage="MasterFreightEO"
      AliasName="STATUS" >
      <Properties>
         <Property Name ="CRAWL_VISIBILITY_LEVEL" Value ="GLOBAL" />
      </Properties>
   </ViewAttribute>
   <ViewAttribute
      Name="UseRate"
      EntityAttrName="UseRate"
      EntityUsage="MasterFreightEO"
      AliasName="USE_RATE" >
      <Properties>
         <Property Name ="CRAWL_VISIBILITY_LEVEL" Value ="GLOBAL" />
      </Properties>
   </ViewAttribute>
   <ViewAttribute
      Name="ZoneDesc"
      EntityAttrName="ZoneDesc"
      EntityUsage="MasterFreightEO"
      AliasName="ZONE_DESC" >
      <Properties>
         <Property Name ="CRAWL_VISIBILITY_LEVEL" Value ="GLOBAL" />
      </Properties>
   </ViewAttribute>
   <ViewAttribute
      Name="DetailFlag"
      IsSelected="false"
      IsPersistent="false"
      Type="java.lang.Boolean"
      ColumnType="NUMBER"
      AliasName="VIEW_ATTR"
      Passivate="true"
      SQLType="BIT" >
   </ViewAttribute>
   <ViewAttribute
      Name="CheckBox"
      IsSelected="false"
      IsPersistent="false"
      Type="java.lang.String"
      ColumnType="VARCHAR2"
      AliasName="VIEW_ATTR"
      SQLType="VARCHAR" >
   </ViewAttribute>
   <ViewAttribute
      Name="flagCon"
      IsSelected="false"
      IsPersistent="false"
      Type="java.lang.Boolean"
      ColumnType="NUMBER"
      AliasName="VIEW_ATTR"
      Passivate="true"
      SQLType="BIT" >
   </ViewAttribute>
   <ViewLinkAccessor
      Name="ExtraCostVO"
      ViewLink="xxgam.oracle.apps.xbol.tm.InvoiceAs.server.MasterExtraVL"
      Type="oracle.jbo.RowIterator"
      IsUpdateable="false" >
   </ViewLinkAccessor>
   <ViewLinkAccessor
      Name="CostVO"
      ViewLink="xxgam.oracle.apps.xbol.tm.InvoiceAs.server.FreightCostVL"
      Type="oracle.jbo.RowIterator"
      IsUpdateable="false" >
   </ViewLinkAccessor>
</ViewObject>
