<?xml version='1.0' encoding='windows-1252' ?>
<!DOCTYPE ViewObject SYSTEM "jbo_03_01.dtd">

<ViewObject
   Name="RequestVO"
   SelectList="RequestEO.ID_REQUEST, 
       RequestEO.ID_STATUS, 
       RequestEO.STATUS, 
       RequestEO.OPERATING_UNIT, 
       RequestEO.OU_DESCRIPTION, 
       RequestEO.ID_AREA, 
       RequestEO.A_DESCRIPTION, 
       RequestEO.USER_NAME, 
       RequestEO.ID_PRIORITY, 
       RequestEO.PRIORITY_CODE, 
       RequestEO.ACTIVATION_DATE, 
       RequestEO.ACTIVATION_TIME, 
       RequestEO.MATERIAL_DATE, 
       RequestEO.MATERIAL_TIME, 
       RequestEO.ID_SHIPPER, 
       RequestEO.SHIPPER, 
       RequestEO.ID_RECEIVER, 
       RequestEO.RECEIVER, 
       RequestEO.DOCUMENT1, 
       RequestEO.DOCUMENT2, 
       RequestEO.DOCUMENT3, 
       RequestEO.ATTRIBUTE1, 
       RequestEO.ATTRIBUTE2, 
       RequestEO.ATTRIBUTE3, 
       RequestEO.ATTRIBUTE4, 
       RequestEO.ATTRIBUTE5, 
       RequestEO.ATTRIBUTE6, 
       RequestEO.ATTRIBUTE7, 
       RequestEO.ATTRIBUTE8, 
       RequestEO.ATTRIBUTE9, 
       RequestEO.ATTRIBUTE10, 
       RequestEO.LAST_UPDATE_DATE, 
       RequestEO.LAST_UPDATED_BY, 
       RequestEO.CREATION_DATE, 
       RequestEO.CREATED_BY, 
       RequestEO.LAST_UPDATE_LOGIN, 
       RequestEO.COMMENTS, 
       RequestEO.MULTIPLE_DELIVERIES, 
       RequestEO.DESTINATION, 
       RequestEO.ID_DESTINATION, 
       RequestEO.ID_ORIGIN, 
       RequestEO.ID_ZONE, 
       RequestEO.ORIGIN, 
       RequestEO.ZONE_DESC"
   FromList="BOLINF.XXGAM_TM_REQUESTS_T RequestEO"
   BindingStyle="OracleName"
   CustomQuery="false"
   RowClass="xxgam.oracle.apps.xbol.tm.freight.server.RequestVORowImpl"
   ComponentClass="xxgam.oracle.apps.xbol.tm.freight.server.RequestVOImpl"
   UseGlueCode="false" >
   <DesignTime>
      <Attr Name="_isCodegen" Value="true" />
      <Attr Name="_version" Value="10.1.3.43.6" />
      <Attr Name="_codeGenFlag2" Value="Access|Coll|VarAccess" />
   </DesignTime>
   <EntityUsage
      Name="RequestEO"
      Entity="xxgam.oracle.apps.xbol.tm.freight.schema.RequestEO" >
      <DesignTime>
         <Attr Name="_queryClause" Value="false" />
      </DesignTime>
   </EntityUsage>
   <ViewAttribute
      Name="IdRequest"
      IsNotNull="true"
      EntityAttrName="IdRequest"
      EntityUsage="RequestEO"
      AliasName="ID_REQUEST" >
   </ViewAttribute>
   <ViewAttribute
      Name="IdStatus"
      EntityAttrName="IdStatus"
      EntityUsage="RequestEO"
      AliasName="ID_STATUS" >
   </ViewAttribute>
   <ViewAttribute
      Name="Status"
      EntityAttrName="Status"
      EntityUsage="RequestEO"
      AliasName="STATUS" >
   </ViewAttribute>
   <ViewAttribute
      Name="OperatingUnit"
      EntityAttrName="OperatingUnit"
      EntityUsage="RequestEO"
      AliasName="OPERATING_UNIT" >
   </ViewAttribute>
   <ViewAttribute
      Name="OuDescription"
      EntityAttrName="OuDescription"
      EntityUsage="RequestEO"
      AliasName="OU_DESCRIPTION" >
   </ViewAttribute>
   <ViewAttribute
      Name="IdArea"
      EntityAttrName="IdArea"
      EntityUsage="RequestEO"
      AliasName="ID_AREA" >
   </ViewAttribute>
   <ViewAttribute
      Name="ADescription"
      EntityAttrName="ADescription"
      EntityUsage="RequestEO"
      AliasName="A_DESCRIPTION" >
   </ViewAttribute>
   <ViewAttribute
      Name="UserName"
      EntityAttrName="UserName"
      EntityUsage="RequestEO"
      AliasName="USER_NAME" >
   </ViewAttribute>
   <ViewAttribute
      Name="IdPriority"
      EntityAttrName="IdPriority"
      EntityUsage="RequestEO"
      AliasName="ID_PRIORITY" >
   </ViewAttribute>
   <ViewAttribute
      Name="PriorityCode"
      EntityAttrName="PriorityCode"
      EntityUsage="RequestEO"
      AliasName="PRIORITY_CODE" >
   </ViewAttribute>
   <ViewAttribute
      Name="ActivationDate"
      EntityAttrName="ActivationDate"
      EntityUsage="RequestEO"
      AliasName="ACTIVATION_DATE" >
   </ViewAttribute>
   <ViewAttribute
      Name="ActivationTime"
      EntityAttrName="ActivationTime"
      EntityUsage="RequestEO"
      AliasName="ACTIVATION_TIME" >
   </ViewAttribute>
   <ViewAttribute
      Name="MaterialDate"
      EntityAttrName="MaterialDate"
      EntityUsage="RequestEO"
      AliasName="MATERIAL_DATE" >
   </ViewAttribute>
   <ViewAttribute
      Name="MaterialTime"
      EntityAttrName="MaterialTime"
      EntityUsage="RequestEO"
      AliasName="MATERIAL_TIME" >
   </ViewAttribute>
   <ViewAttribute
      Name="IdShipper"
      EntityAttrName="IdShipper"
      EntityUsage="RequestEO"
      AliasName="ID_SHIPPER" >
   </ViewAttribute>
   <ViewAttribute
      Name="Shipper"
      EntityAttrName="Shipper"
      EntityUsage="RequestEO"
      AliasName="SHIPPER" >
   </ViewAttribute>
   <ViewAttribute
      Name="IdReceiver"
      EntityAttrName="IdReceiver"
      EntityUsage="RequestEO"
      AliasName="ID_RECEIVER" >
   </ViewAttribute>
   <ViewAttribute
      Name="Receiver"
      EntityAttrName="Receiver"
      EntityUsage="RequestEO"
      AliasName="RECEIVER" >
   </ViewAttribute>
   <ViewAttribute
      Name="Document1"
      EntityAttrName="Document1"
      EntityUsage="RequestEO"
      AliasName="DOCUMENT1" >
   </ViewAttribute>
   <ViewAttribute
      Name="Document2"
      EntityAttrName="Document2"
      EntityUsage="RequestEO"
      AliasName="DOCUMENT2" >
   </ViewAttribute>
   <ViewAttribute
      Name="Document3"
      EntityAttrName="Document3"
      EntityUsage="RequestEO"
      AliasName="DOCUMENT3" >
   </ViewAttribute>
   <ViewAttribute
      Name="Attribute1"
      EntityAttrName="Attribute1"
      EntityUsage="RequestEO"
      AliasName="ATTRIBUTE1" >
   </ViewAttribute>
   <ViewAttribute
      Name="Attribute2"
      EntityAttrName="Attribute2"
      EntityUsage="RequestEO"
      AliasName="ATTRIBUTE2" >
   </ViewAttribute>
   <ViewAttribute
      Name="Attribute3"
      EntityAttrName="Attribute3"
      EntityUsage="RequestEO"
      AliasName="ATTRIBUTE3" >
   </ViewAttribute>
   <ViewAttribute
      Name="Attribute4"
      EntityAttrName="Attribute4"
      EntityUsage="RequestEO"
      AliasName="ATTRIBUTE4" >
   </ViewAttribute>
   <ViewAttribute
      Name="Attribute5"
      EntityAttrName="Attribute5"
      EntityUsage="RequestEO"
      AliasName="ATTRIBUTE5" >
   </ViewAttribute>
   <ViewAttribute
      Name="Attribute6"
      EntityAttrName="Attribute6"
      EntityUsage="RequestEO"
      AliasName="ATTRIBUTE6" >
   </ViewAttribute>
   <ViewAttribute
      Name="Attribute7"
      EntityAttrName="Attribute7"
      EntityUsage="RequestEO"
      AliasName="ATTRIBUTE7" >
   </ViewAttribute>
   <ViewAttribute
      Name="Attribute8"
      EntityAttrName="Attribute8"
      EntityUsage="RequestEO"
      AliasName="ATTRIBUTE8" >
   </ViewAttribute>
   <ViewAttribute
      Name="Attribute9"
      EntityAttrName="Attribute9"
      EntityUsage="RequestEO"
      AliasName="ATTRIBUTE9" >
   </ViewAttribute>
   <ViewAttribute
      Name="Attribute10"
      EntityAttrName="Attribute10"
      EntityUsage="RequestEO"
      AliasName="ATTRIBUTE10" >
   </ViewAttribute>
   <ViewAttribute
      Name="LastUpdateDate"
      EntityAttrName="LastUpdateDate"
      EntityUsage="RequestEO"
      AliasName="LAST_UPDATE_DATE" >
   </ViewAttribute>
   <ViewAttribute
      Name="LastUpdatedBy"
      EntityAttrName="LastUpdatedBy"
      EntityUsage="RequestEO"
      AliasName="LAST_UPDATED_BY" >
   </ViewAttribute>
   <ViewAttribute
      Name="CreationDate"
      EntityAttrName="CreationDate"
      EntityUsage="RequestEO"
      AliasName="CREATION_DATE" >
   </ViewAttribute>
   <ViewAttribute
      Name="CreatedBy"
      EntityAttrName="CreatedBy"
      EntityUsage="RequestEO"
      AliasName="CREATED_BY" >
   </ViewAttribute>
   <ViewAttribute
      Name="LastUpdateLogin"
      EntityAttrName="LastUpdateLogin"
      EntityUsage="RequestEO"
      AliasName="LAST_UPDATE_LOGIN" >
   </ViewAttribute>
   <ViewAttribute
      Name="Comments"
      EntityAttrName="Comments"
      EntityUsage="RequestEO"
      AliasName="COMMENTS" >
   </ViewAttribute>
   <ViewAttribute
      Name="MultipleDeliveries"
      EntityAttrName="MultipleDeliveries"
      EntityUsage="RequestEO"
      AliasName="MULTIPLE_DELIVERIES" >
   </ViewAttribute>
   <ViewAttribute
      Name="Destination"
      EntityAttrName="Destination"
      EntityUsage="RequestEO"
      AliasName="DESTINATION" >
   </ViewAttribute>
   <ViewAttribute
      Name="IdDestination"
      EntityAttrName="IdDestination"
      EntityUsage="RequestEO"
      AliasName="ID_DESTINATION" >
   </ViewAttribute>
   <ViewAttribute
      Name="IdOrigin"
      EntityAttrName="IdOrigin"
      EntityUsage="RequestEO"
      AliasName="ID_ORIGIN" >
   </ViewAttribute>
   <ViewAttribute
      Name="IdZone"
      EntityAttrName="IdZone"
      EntityUsage="RequestEO"
      AliasName="ID_ZONE" >
   </ViewAttribute>
   <ViewAttribute
      Name="Origin"
      EntityAttrName="Origin"
      EntityUsage="RequestEO"
      AliasName="ORIGIN" >
   </ViewAttribute>
   <ViewAttribute
      Name="ZoneDesc"
      EntityAttrName="ZoneDesc"
      EntityUsage="RequestEO"
      AliasName="ZONE_DESC" >
   </ViewAttribute>
   <ViewAttribute
      Name="FreightEnabled"
      IsSelected="false"
      IsPersistent="false"
      Type="java.lang.Boolean"
      ColumnType="NUMBER"
      AliasName="VIEW_ATTR"
      SQLType="BIT" >
   </ViewAttribute>
</ViewObject>
